time,joint,desired_position,actual_position,position_error,actual_velocity
0.13256399997044355,0,0.18932626531187371,0.0,0.18932626531187371,0.0
0.13260740000987425,1,-0.2070018510414397,0.0,-0.2070018510414397,0.0
0.13261440000496805,2,-0.535233707684131,0.0,-0.535233707684131,0.0
0.13261939998483285,3,1.4010694647434077,0.0,1.4010694647434077,0.0
0.13262329995632172,4,-0.7521188573332915,0.0,-0.7521188573332915,0.0
0.13262829999439418,5,0.39875853104148307,0.0,0.39875853104148307,0.0
0.13263259996892884,6,-0.5332401066009346,0.0,-0.5332401066009346,0.0
0.4462640999699943,0,0.22056507463724986,0.1901614880038555,0.030403586633394375,-0.0007393735216386985
0.44631999998819083,1,-0.22221645272674395,-0.20799452330677776,-0.014221929419966195,0.0005300312271593418
0.4463341999799013,2,-0.4731926348480678,-0.5349510233640914,0.06175838851602361,0.0016948281442876732
0.44634510000469163,3,1.318185062744356,1.402880995904461,-0.08469593316010493,-0.004820735806269538
0.44636169995646924,4,-0.40557754104483573,-0.7484221204425969,0.3428445793977612,-0.00033895083267754136
0.4463702999637462,5,0.18660065446067,0.4024322837068139,-0.21583162924614388,-0.00037861342163817
0.4463774999603629,6,-1.697347083182104,-0.5337013924380356,-1.1636456907440684,0.00300210066192677
0.7614265999873169,0,0.23646347030015968,0.22059945192626887,0.015864018373890815,-6.55029182051922e-05
0.7614644999848679,1,-0.21394397982091035,-0.2222983878501746,0.008354408029264265,3.128002565754383e-05
0.7614753000088967,2,-0.45640209255991404,-0.473145998084699,0.01674390552478494,-0.0001360585388904319
0.7614823000039905,3,1.2926118440676206,1.318153996036639,-0.025542151969018434,0.00019945050301201816
0.7614901000051759,4,-0.3136603053363127,-0.40562861815151036,0.09196831281519768,-0.0007739845563464538
0.7614978000055999,5,0.08669780784103266,0.18654669311457522,-0.09984888527354256,0.0005285875019375932
0.7615050000022165,6,-1.8469014768553078,-1.6995268756655375,-0.1473746011897703,0.0027587551698980564
0.966369699977804,0,0.23786884068456227,0.2377580069049559,0.00011083377960635632,-0.05514614360714045
0.9664224999723956,1,-0.21155927423712953,-0.213692467848072,0.0021331936109424687,0.040272842631007603
0.9664316999842413,2,-0.45419099949460984,-0.4544347877529923,0.0002437882583824491,-0.05792968265707272
0.9664405999938026,3,1.2896111338158518,1.2907079008945717,-0.0010967670787198625,0.08202537146893402
0.9664502000086941,4,-0.30197361473004963,-0.313403501279529,0.011429886549479351,0.34444632477811793
0.9664559999946505,5,0.07827183057851246,0.0867088427977614,-0.008437012219248946,-0.12457697199744916
0.9664632999920286,6,-1.8518111745913477,-1.8042024764636762,-0.047608698127671545,0.7981185712081558
1.1505558000062592,0,0.24662897670415646,0.23579249150353762,0.010836485200618834,-0.02506002627357268
1.1505952999577858,1,-0.2370311338088437,-0.19896625094504625,-0.038064882863797445,-0.17653981829193868
1.1506023000110872,2,-0.4622609318999502,-0.4556909377709415,-0.006569994129008716,-0.03217382715603484
1.1506080999970436,3,1.2908292438950852,1.285298558125755,0.005530685769330246,0.07857765135311956
1.150614799989853,4,-0.32179768488797633,-0.24420359241116774,-0.0775940924768086,-1.0455802791002797
1.1506201999727637,5,0.018337127689178633,0.035191923598283895,-0.016854795909105262,0.6773443024434602
1.1506252000108361,6,-2.00571403151311,-2.140845916992174,0.13513188547906374,4.8170024193638685
1.3444937999593094,0,0.24036554194746274,0.2551477598059582,-0.014782217858495483,-0.23805705933745713
1.3445257999701425,1,-0.22645273116805026,-0.25443925198641215,0.027986520818361893,0.6833280712662407
1.344532499962952,2,-0.46045346242114504,-0.4570061659989679,-0.0034472964221771707,-0.0374546358105418
1.344538500008639,3,1.2936783478402951,1.2983541297448742,-0.004675781904579068,-0.02543771234585499
1.3445445999968797,4,-0.3251672361783315,-0.3301142635023724,0.004947027324040898,0.7929783079130326
1.3445500999805517,5,0.05955243097504473,0.05602450336528547,0.003527927609759257,-0.13588785270783427
1.344555399962701,6,-1.9215346537966655,-2.0216695212876696,0.10013486749100409,-1.6551755215560497
1.5332631999626756,0,0.23579678185314518,0.18334211995328237,0.05245466189986281,0.18332287405952088
1.5333122999873012,1,-0.2208276626387236,-0.16618088636987,-0.054646776268853614,-1.0062670335353325
1.5333191999816336,2,-0.4608832895427071,-0.4741644420533369,0.013281152510629834,0.10534830918664709
1.533324799966067,3,1.297440968470877,1.2824556487364636,0.014985319734413416,0.05605367034305055
1.5333303000079468,4,-0.3351041584442818,-0.3141204204054097,-0.020983738038872102,0.11202688281184812
1.5333361999946646,5,0.08953466008565478,0.023463988180055153,0.06607067190559962,-0.5896877811054483
1.5333411999745294,6,-1.8640957462074992,-1.8991011850423671,0.03500543883486795,-3.248193447777084
1.717422199959401,0,0.20251396550956255,0.6517414713942021,-0.44922750588463956,1.200082420954424
1.7174469999736175,1,-0.45257379194312,-0.5919416101583029,0.13936781821518296,0.1711718629013484
1.717453499964904,2,-0.5430925773103146,-0.3640152475873206,-0.17907732972299395,0.1402386504042317
1.7174596000113524,3,1.3542678699656447,1.392710527073528,-0.038442657107883305,-0.21721372865867508
1.7174647999927402,4,-0.5481229445480619,-0.38051101916222957,-0.1676119253858323,1.4194341164311477
1.717469799972605,5,0.28497728067442374,0.2531596430412246,0.031817637633199114,-4.195894780531104
1.717474500008393,6,0.9268719570022264,-1.7665688453365462,2.6934408023387726,-2.1512060109210998
2.121791299956385,0,0.21712025082607958,0.20199241340350077,0.01512783742257881,0.00045653012636439943
2.1218283000052907,1,-0.2571730282460906,-0.4519437267428251,0.1947706984967345,-0.00012903767174941307
2.121838199964259,2,-0.505094985583903,-0.5434364909066881,0.03834150532278513,0.00017622643738391747
2.121845999965444,3,1.3528590255349193,1.3538981818031222,-0.0010391562682028344,2.2247022333215815e-05
2.1218555999803357,4,-0.5628492190112283,-0.5474236312644962,-0.015425587746732083,0.00016149790198927854
2.1218634999822825,5,0.20189094927514525,0.28244461039863245,-0.08055366112348719,-3.710350277051156e-05
2.121871299983468,6,-1.7987652930911255,0.9287203750754353,-2.727485668166561,-0.0028875466666868008
2.5287976000108756,0,0.23574076124188248,0.2170908309078762,0.018649930334006276,-1.516067971460339e-05
2.5288375999662094,1,-0.22562939597011672,-0.25704081283563857,0.031411416865521846,-0.00021135058700588142
2.52884919999633,2,-0.46172930146225705,-0.5050933594808502,0.043364058018593166,-4.155866283108752e-05
2.528859299956821,3,1.2970962364775052,1.3528553396678102,-0.05575910319030508,-1.9227026408123305e-06
2.528867699962575,4,-0.3336495001102202,-0.5628600954256987,0.2292105953154785,2.4977197278087283e-05
2.528875399962999,5,0.08895905649129553,0.2018944191107293,-0.11293536261943378,6.307102651803609e-05
2.528883099963423,6,-1.8745083839286705,-1.801174549246229,-0.07333383468244148,0.003018537033175131
2.731608600006439,0,0.24100717812088387,0.23665848490417013,0.004348693216713745,-0.006474316338680726
2.7316293999901973,1,-0.22791329691405138,-0.2259990692843187,-0.0019142276297326732,0.026158684374214612
2.7316360999830067,2,-0.45788089721080827,-0.46191491966639303,0.004034022455584763,-0.008415635567252647
2.7316414999659173,3,1.288838550528031,1.2978361211716871,-0.008997570643656028,0.012774998361048936
2.7316466000047512,4,-0.3039935888873394,-0.3139931495207942,0.009999560633454807,0.06012595314831991
2.7316514999838546,5,0.05523943022341059,0.08743490528555396,-0.032195475062143375,0.1192737305121457
2.7316569999675266,6,-1.9212842501905465,-1.8666888453086694,-0.054595404881877085,-0.08936540786098415
2.912902599957306,0,0.22169534164640567,0.25588584810727716,-0.03419050646087149,-0.36985124299991723
2.9129361999803223,1,-0.19056447503730362,-0.243356745721666,0.052792270684362375,0.18462492713409565
2.9129425999708474,2,-0.45391900787208456,-0.44301677434941455,-0.010902233522670002,-0.385747212384669
2.912948199955281,3,1.2984496982595546,1.2481216264357544,0.05032807182380017,0.7636660211197379
2.9129760999931023,4,-0.31432948810376904,-0.3469811227053991,0.032651634601630064,-1.6462735181790213
2.912982399982866,5,0.18699228032551432,-0.022571368742486317,0.20956364906800062,2.8814164559277904
2.912987699965015,6,-1.628379118336286,-2.157854390708795,0.5294752723725091,5.1846491364344685
3.209251099964604,0,0.2356273869330237,0.22149327140928604,0.014134115523737667,0.001036214127322436
3.20932389999507,1,-0.21477718144369937,-0.19016248317431042,-0.024614698269388946,-0.001583359353488167
3.209337299980689,2,-0.455258025704643,-0.4539976010459273,-0.0012604246587157308,0.0005681994486112776
3.2093473999993876,3,1.2906268688247622,1.2984604714728754,-0.00783360264811317,-0.0006199675317150222
3.209354799997527,4,-0.30325149364859416,-0.31362387507241474,0.010372381423820576,-0.009547477292227281
3.209364000009373,5,0.0918361477861244,0.18640496384192765,-0.09456881605580325,0.008207304373427518
3.20937519997824,6,-1.8367158843535552,-1.6266277214039366,-0.21008816294961852,-0.010063946117611865
3.581003299972508,0,0.23886028903940376,0.23374484762655184,0.005115441412851918,-0.009720855538347662
3.5810350999818183,1,-0.2205357988275566,-0.21054230366367457,-0.009993495163882038,-0.013974712748307035
3.581042299978435,2,-0.45631373314978013,-0.4558422228441959,-0.0004715103055842329,-0.02473381219473894
3.5810482999659143,3,1.2895523235916535,1.2902238364037522,-0.0006715128120986513,-0.028688920669970967
3.581053800007794,4,-0.3036651844035227,-0.2979576214793508,-0.005707562924171905,-0.02039245077199435
3.5810595999937505,5,0.07017909850232346,0.08621409636645722,-0.01603499786413376,-0.24714502342544437
3.5810643999720924,6,-1.8831061759915568,-1.8080770515745483,-0.07502912441700849,-0.43102663229914484
3.850368099985644,0,0.23973626745271562,0.2544354774116131,-0.01469920995889748,-0.257171287933824
3.8504024999565445,1,-0.2189996809999379,-0.246002310280921,0.027002629280983098,0.5290298449454196
3.850411899969913,2,-0.4529683965709273,-0.45322311075860494,0.0002547141876776404,0.046977015808508917
3.850421599985566,3,1.2844275541236563,1.292589742964748,-0.008162188841091655,0.07416146917142745
3.8504291999852285,4,-0.28139981769678296,-0.320745488763742,0.03934567106695902,0.35478031155065404
3.8504366999841295,5,0.06493287573217539,0.08705785041586635,-0.022124974683690957,1.118338897761245
3.8504439999815077,6,-1.8796320596842622,-2.0072091744959226,0.12757711481166045,4.350331612430723
4.137675200006925,0,0.23422788107226047,0.2113862061153996,0.022841674956860875,0.46369378660993293
4.137709799979348,1,-0.22018601850539682,-0.2020213848203807,-0.018164633685016113,-0.4475407005022512
4.137716499972157,2,-0.4670572634059503,-0.4571858717031537,-0.00987139170279655,0.08255808480571088
4.137721999955829,3,1.307536500044728,1.2767107217583815,0.030825778286346583,0.09235465339043514
4.137727199995425,4,-0.3789203979590343,-0.28923019093455454,-0.08969020702447977,-0.5513589821232083
4.1377319999737665,5,0.09962289638961078,-0.003752023046389651,0.10337491943600043,-0.4359485829211247
4.137737099954393,6,-1.8623416939837223,-1.9133972952517573,0.05105560126803499,-1.7369520640023306
4.57999529998051,0,1.9216572953289766,0.3561129709575403,1.5655443243714362,0.02918447896606885
4.5800255999783985,1,-1.5491239663214051,-0.240020188008079,-1.3091037783133261,0.2675022276978103
4.5800341999856755,2,-2.5070296968883206,-0.45283508975160397,-2.0541946071367168,0.36733606839667077
4.580042099987622,3,1.184052425792515,1.3692124260051841,-0.1851600002126692,-0.7233104337967158
4.580049599986523,4,-1.8380170387297459,-0.3639995302560529,-1.4740175084736928,2.0387607354763904
4.58005539997248,5,1.5657062004940019,0.1678646742964362,1.3978415261975656,-1.6869653924624228
4.580059900006745,6,-3.124,-1.840109481125654,-1.2838905188743461,-0.3037622474424696
5.094656599976588,0,0.2224992849934423,1.877690341939783,-1.6551910569463408,2.341284940578716
5.094697199994698,1,-0.2131704145061929,-1.5504416389473719,1.3372712244411789,-0.0007324919742793933
5.094708199962042,2,-0.5207742979853516,-2.6301847285394726,2.109410430554121,-2.5459103362276987
5.094716699968558,3,1.382547682966439,1.1835727888823695,0.19897489408406943,-0.28557675246964015
5.094724199967459,4,-0.7105650803181588,-1.8398947712107128,1.129329690892554,0.08520929274604569
5.094731299963314,5,0.17616918734011366,1.5686827947801651,-1.3925136074400515,0.01623130058005368
5.094738999963738,6,-1.8294586076474542,-3.122944655231754,1.2934860475843,0.1465603405601469
5.536496799963061,0,0.23471070133638738,0.2207125283389991,0.013998172997388286,0.003179920135592831
5.53651969996281,1,-0.22142432431189937,-0.2121331516418279,-0.009291172670071485,-0.0022503482091307
5.536525500006974,2,-0.4696696572169949,-0.5189485599149058,0.049278902697910965,-0.005188374792380011
5.5365305999876,3,1.3109577582752097,1.3837198012808576,-0.07276204300564793,-0.0015509357552642175
5.536535899969749,4,-0.39543208561636395,-0.7179807444247575,0.3225486588083935,-0.0005833333767926826
5.5365411000093445,5,0.09630977497117067,0.16567536024512536,-0.06936558527395469,-0.0011473829563053931
5.536545999988448,6,-1.8790936184165075,-1.8295373001437272,-0.049556318272780286,-0.004477849087548264
5.812920199998189,0,0.23889297914532812,0.23454743551160703,0.004345543633721083,0.002518190180408584
5.812949899991509,1,-0.2240118982850119,-0.22100491391379307,-0.0030069843712188238,-0.011478926513330372
5.812957199988887,2,-0.4578855605958174,-0.46993939819087444,0.012053837595057015,0.005661923991681175
5.812962499971036,3,1.290816123785745,1.3106325237246943,-0.019816399938949347,-0.001414466457375725
5.81296760000987,4,-0.3096699381826295,-0.3919612391417633,0.08229130095913378,-0.1254371576117471
5.812973399995826,5,0.06931088093041615,0.09472268834457442,-0.02541180741415827,0.03578696106571344
5.812978699977975,6,-1.8938708794928307,-1.8785725975096212,-0.015298281983209483,0.0018721985139342097
6.004773699969519,0,0.22226031361771448,0.2428763029587815,-0.02061598934106701,-0.12403435432576937
6.004795499960892,1,-0.1963013732084553,-0.2317554853313188,0.03545411212286348,0.17920488656980563
6.004801300005056,2,-0.4588032527970251,-0.4368675136630472,-0.021935739133977894,-0.4794975318100666
6.004806499986444,3,1.3042919696525985,1.2608295363309083,0.0434624333216902,0.7224472742368557
6.00481159996707,4,-0.34274411758772805,-0.3217526606797109,-0.020991456908017125,-2.586777088398457
6.004816500004381,5,0.1818282179279241,0.06494771884023065,0.11688049908769346,0.4604220485257491
6.004822299990337,6,-1.647708092873222,-1.9047441047233504,0.2570360118501285,0.7276974829273947
6.3186059999861754,0,0.23234618993305112,0.2240491577414272,0.008297032191623921,-0.009188677457824661
6.318656599964015,1,-0.2089287301105819,-0.19996066847517407,-0.008968061635407837,0.048555869089692505
6.318664799968246,2,-0.4544964430277242,-0.4574147205137113,0.0029182774859871086,-0.0011062444900121786
6.318672699970193,3,1.2920647246761483,1.3044911241135413,-0.012426399437392988,0.021958130625338437
6.318680799973663,4,-0.3042599350284692,-0.36418799634161353,0.05992806131314432,0.3253502768504464
6.318687399965711,5,0.11398446510590486,0.2002639075721527,-0.08627944246624784,-0.008114377234642506
6.318694299960043,6,-1.7889668165041521,-1.6575263946294465,-0.13144042187470562,0.3066448570332145
6.607114299957175,0,0.23725279877947966,0.23297184257504047,0.00428095620443919,-0.05671518429280319
6.607142799999565,1,-0.21605437394220198,-0.20659358492465896,-0.00946078901754302,0.10807814028570899
6.607149799994659,2,-0.4539490772336961,-0.4531814886421424,-0.0007675885915536806,-0.0008432133508027482
6.607155799982138,3,1.2876940308243112,1.2912681424204124,-0.003574111596101215,0.049981806094454045
6.607162799977232,4,-0.29240630609009133,-0.30441295348897335,0.01200664739888202,-0.148631679867722
6.607167699956335,5,0.0812544157465968,0.12463535989986572,-0.04338094415326893,0.363300858216864
6.607172499992885,6,-1.8526332320415424,-1.762631126803762,-0.0900021052377804,1.3947737132215936
6.831793499994092,0,0.23956938489640367,0.2417189043094483,-0.0021495194130446427,-0.12444898451841886
6.831942299962975,1,-0.22169601517792492,-0.22547119979471164,0.00377518461678672,0.38126852146357876
6.831960599985905,2,-0.45818944582581317,-0.45289635446640897,-0.005293091359404201,0.044141748571667125
6.831967199977953,3,1.291989060405776,1.2873247375261974,0.004664322879578631,0.08843300795721305
6.8319727999623865,4,-0.3159987765213613,-0.2910489953238621,-0.024949781197499243,-0.1638281838792558
6.83197790000122,5,0.06547002013229461,0.065885749871689,-0.0004157297393943965,1.3131395162367188
6.8319833999848925,6,-1.8981396373223094,-1.92730224124257,0.0291626039202606,3.6223849574439946
7.145452699973248,0,0.23996195946751916,0.20572551755168303,0.034236441915836135,0.10320079561860823
7.145482599968091,1,-0.2161519353365146,-0.16847301831385778,-0.047678917022656836,-0.4369380134490396
7.145490099966992,2,-0.4461371472358235,-0.536804641054445,0.09066749381862155,0.4283340735474438
7.145496399956755,3,1.2738625588234098,1.3535797287318798,-0.07971716990847,-0.8053138883946697
7.145502500003204,4,-0.23292417038018676,-0.5972296691249943,0.36430549874480755,5.924996684769099
7.1455074999830686,5,0.0640657582912876,0.04928600469290044,0.014779753598387166,-0.5575153302864017
7.1455122999614105,6,-1.8589802634504735,-1.511258551512908,-0.3477217119375655,-4.351780841084993
7.802922700007912,0,0.2383921822814082,0.2385075620067287,-0.0001153797253204969,0.0259793081075212
7.802967700001318,1,-0.21759427191085265,-0.2137193351765061,-0.0038749367343465513,-0.06079539185463923
7.802979299973231,2,-0.45334921246431026,-0.447390013016091,-0.005959199448219266,0.036233679336320275
7.802988199982792,3,1.2858905938555902,1.2716394799882798,0.014251113867310483,0.03537666474850227
7.802998700004537,4,-0.2859746884920288,-0.23864011935881113,-0.04733456913321765,-0.0884234716784923
7.8030066000064835,5,0.07372196574864244,0.05911457754811482,0.014607388200527621,0.09749076113863879
7.803015000012238,6,-1.8651524028416893,-1.8668934303890459,0.0017410275473566106,0.02809986331975587
8.344649399979971,0,0.23883462500465072,0.24392610486545163,-0.005091479860800913,0.0791058388061063
8.344700699963141,1,-0.20799043124959618,-0.2379886902810356,0.029998259031439406,0.3331458108694665
8.344709099968895,2,-0.5231913059232234,-0.4818913269120218,-0.04129997901120158,0.7734230276219071
8.344716299965512,3,1.3833938476742975,1.3951560232539035,-0.011762175579606016,-0.9120943072091995
8.344723799964413,4,-0.7393602142749545,-0.4746524667508646,-0.2647077475240899,6.4860499190104575
8.344731999968644,5,0.07289691974636249,0.150739028173802,-0.07784210842743951,-1.2924729207325023
8.344739499967545,6,-2.424270129572695,-1.8871204524233116,-0.5371496771493836,-0.2657940707551609
9.456814199977089,0,0.24378613687655654,0.23841943181568212,0.005366705060874416,0.001488107443827583
9.456856400007382,1,-0.22930641962617743,-0.20714425320828406,-0.02216216641789337,-0.003062639961678425
9.456867299973965,2,-0.47038565958166056,-0.5236561648516435,0.05327050526998289,0.00164454683762087
9.456876599986572,3,1.307058823039235,1.3828354053241945,-0.07577658228495943,0.0019512253495836665
9.456885699997656,4,-0.39170893550170477,-0.7383896601702644,0.34668072466855965,-0.0035183518678436445
9.456894000002649,5,0.03747782376586052,0.07062174414181041,-0.03314392037594989,0.00709959399074984
9.456903999962378,6,-2.0047081149961694,-2.4266746269922206,0.4219665119960512,0.005619854141723002
10.662482399959117,0,0.24081802904617328,0.24381263979554332,-0.002994610749370047,0.0017116338054193898
10.662527000007685,1,-0.2208378857409044,-0.2295910490576122,0.008753163316707807,-0.0021542775730204696
10.662537799973506,2,-0.45797966712228133,-0.4702154877039729,0.012235820581691592,0.0010170248854682803
10.662551599962171,3,1.2916607812028933,1.3069288252657363,-0.01526804406284299,0.003244069472189847
10.662563699996099,4,-0.31636685629264766,-0.39303945848862676,0.0766726021959791,0.002592029299128023
10.662572200002614,5,0.05773961662092249,0.037383478463526444,0.020356138157396043,0.00977589151717596
10.662579800002277,6,-1.9090642856274882,-2.0002085922605963,0.09114430663310813,-0.048993438639344314
11.226421599974856,0,0.22990165082816738,0.23529062360638273,-0.005388972778215345,0.1470389319844281
11.226448100002017,1,-0.2032340319398977,-0.21264268926024896,0.00940865732035126,-0.3358859950811908
11.22645499999635,2,-0.4586562011485792,-0.446221778575035,-0.012434422573544213,-0.3416651425095698
11.226460699981544,3,1.3010279751281242,1.2759976114546736,0.025030363673450573,0.3523023957491881
11.22646639996674,4,-0.3411561127053258,-0.32341644148999976,-0.017739671215326047,-1.2397059332404088
11.226486900006421,5,0.13091402363504331,0.05403729548853994,0.07687672814650337,-0.8112741232129412
11.226491999987047,6,-1.755623801059631,-1.8279642455438103,0.07234044448417931,-4.080356116745471
11.717174699995667,0,0.262586353139445,0.2229745936153629,0.03961175952408211,0.26996109770192367
11.717225399974268,1,-0.2743858722832725,-0.1772510826564065,-0.097134789626866,-0.6108035336656928
11.717241699981969,2,-0.5140733611840954,-0.4917051838399039,-0.022368177344191498,0.6951770690591815
11.717250499990769,3,1.3445275326902186,1.3824889164715348,-0.037961383781316194,-1.2263192504875964
11.717258299991954,4,-0.5925772548819143,-0.2427988213620126,-0.3497784335199017,2.2338256788911863
11.7172675000038,5,-0.0854032687991931,0.1877135359408058,-0.2731168047399989,-4.077246662858731
11.717274499998894,6,-2.56627228769116,-1.6591406106662523,-0.9071316770249076,-3.4110619558251507
12.186919300002046,0,0.24563171194755776,0.26267841406846454,-0.01704670212090678,-0.00012862652539601986
12.186961599974893,1,-0.23163528015786172,-0.27466001689788705,0.04302473674002533,0.0003193467406649914
12.186969399976078,2,-0.4672313914744159,-0.5140689411114769,0.04683754963706105,8.341431503080229e-05
12.186976399971172,3,1.3008988648267592,1.3444537080291243,-0.043554843202365134,0.00014181917394130047
12.186982199957129,4,-0.3662989481260357,-0.5936456106911431,0.22734666256510738,0.0011731854844326775
12.186987900000531,5,0.025468325025843,-0.08559374437754697,0.11106206940338997,0.000879498893822387
12.186993499984965,6,-2.012535643616696,-2.568391944095509,0.5558563004788128,0.0031051815269538896
12.623976700007915,0,0.2412736753333279,0.24546958616468928,-0.004195910831361366,0.0008752009668863826
12.624007800011896,1,-0.2212837383192339,-0.2313501082218245,0.010066369902590605,-0.0013050397636855296
12.624015100009274,2,-0.4575493249786583,-0.4672409481160923,0.009691623137433991,0.0001940788733553657
12.624021900002845,3,1.2906900348421397,1.3007642874170833,-0.010074252574943543,0.0010019123339124435
12.624027799989562,4,-0.31262485191976563,-0.3662818711199681,0.053657019200202494,-0.000807972802483856
12.624032899970189,5,0.054775202869083994,0.025230319831841236,0.02954488303724276,0.004051831343025247
12.624038599955384,6,-1.9129612722466585,-2.0106701940517513,0.09770892180509283,-0.0013511334962586496
12.96676809998462,0,0.23534994241615842,0.2369351563305539,-0.001585213914395478,0.1526298160367861
12.966818499960937,1,-0.21178494310324733,-0.21476001742990697,0.002975074326659638,-0.3289799750278921
12.966831600002479,2,-0.45850131739287964,-0.45232025717931534,-0.006181060213564293,-0.19078344018615995
12.966839500004426,3,1.296948473628447,1.2841580658578053,0.012790407770641554,0.139385919765317
12.966847500007134,4,-0.3317045537958928,-0.3137154364568016,-0.0179891173390912,-0.35657676636987656
12.966855200007558,5,0.09423041105037488,0.04508912786755377,0.04914128318282111,-0.6785730688618384
12.966862500004936,6,-1.8359471047436513,-1.8667182449285205,0.03077114018486915,-3.4684425253563607
13.358136900002137,0,0.27796623816774535,0.23255117339547496,0.04541506477227039,0.23348525496355166
13.358167099999264,1,-0.305667202242269,-0.18993746864702277,-0.11572973359524624,-0.29096342825798094
13.358173999993596,2,-0.5105091684633948,-0.49518673906392724,-0.015322429399467541,0.649645236203446
13.358179399976507,3,1.3206574745524864,1.3881400185361996,-0.06748254398371323,-0.9566436681540935
13.358203199983109,4,-0.5019996713531306,-0.35451727022786905,-0.14748240112526156,3.7593610676996962
13.35820859996602,5,-0.18162476649498674,0.3320864752605003,-0.513711241755487,-5.366628183458264
13.358214100007899,6,-2.580400798256433,-1.7018622463647144,-0.8785385518917186,-3.2881123387292974
13.813526899961289,0,0.2460876025717524,0.27804124890901594,-0.031953646337263525,-0.00012737667714843973
13.813553599989973,1,-0.2309478463688565,-0.3059812602957188,0.0750334139268623,0.00032436799460536713
13.813561799994204,2,-0.46438703856449387,-0.5105130270728462,0.04612598850835231,5.853118341184608e-05
13.813569299993105,3,1.2966122931693391,1.3205478687547225,-0.023935575585383395,0.0002080419881730003
13.8135749999783,4,-0.34730844818008494,-0.5029031708075612,0.15559472262747626,0.00041634873782681373
13.813580199959688,5,0.022713349104802917,-0.18243556607298617,0.20514891517778908,0.0014415821002262607
13.813585600000806,6,-2.002927665104788,-2.582455414633282,0.5795277495284941,0.0025884182813081715
14.27530380000826,0,0.241216029562849,0.24587356094193716,-0.00465753137908817,0.001368913816184337
14.27533149998635,1,-0.22092683968088678,-0.2305364826136722,0.009609642932785434,-0.002284786376315756
14.275340499996673,2,-0.4571645365423377,-0.46439684796282993,0.007232311420492243,0.00045697793418373526
14.275346799986437,3,1.2902158628787366,1.2964984237450885,-0.006282560866351927,0.0012933837879754908
14.275352499971632,4,-0.31034625699781176,-0.34739045221667214,0.037044195218860376,-0.000372239701885672
14.27535839995835,5,0.055207171743839135,0.022558888746752048,0.03264828299708709,0.004237834364483867
14.275365200010128,6,-1.910518139832406,-2.001076397438114,0.09055825760570779,-0.0013488386708513803
14.589440599957015,0,0.2362194506251127,0.2344674694615215,0.0017519811635912097,0.1907855159511198
14.589490499987733,1,-0.2135410020229098,-0.2104780482063768,-0.0030629538165329873,-0.3886911147873829
14.589498599991202,2,-0.4592265313078022,-0.45229585778014786,-0.006930673527654363,-0.19179596933358828
14.589504299976397,3,1.2973055165891618,1.2853034052637518,0.01200211132541007,0.08847457366834993
14.589509599958546,4,-0.3348060887412985,-0.30477480521915445,-0.03003128352214407,-0.4158012859700767
14.589515500003472,5,0.08833361016068897,0.050893522494116314,0.037440087666572655,-1.0583560408540706
14.589520399982575,6,-1.8508630906087145,-1.8352539178241472,-0.015609172784567305,-3.90104818392233
15.509270699985791,0,0.9845483546543375,0.26567364717603065,0.7188747074783068,0.23108389669231616
15.50929829996312,1,-1.5110785774898756,-0.2378006955518752,-1.2732778819380004,0.44658641118386383
15.509304100007284,2,-1.5253445942339583,-0.5290541642727598,-0.9962904299611985,0.7245412000745183
15.509308999986388,3,1.381786266161316,1.4331981847540678,-0.05141191859275174,-0.720921935372761
15.509314299968537,4,-0.8408455716999422,-0.559759152572205,-0.28108641912773724,5.572673883843169
15.509319100005087,5,0.9398316540702785,0.42535322665139397,0.5144784274188845,-4.858759244848859
15.50932399998419,6,-3.124,-2.057513780438905,-1.066486219561095,0.6134944334964236
16.06983009999385,0,0.23425522116043332,0.8711260449067733,-0.63687082374634,3.164536986632036
16.069877200003248,1,-0.21143543130752993,-1.5136097696315287,1.3021743383239988,-0.1733458208963182
16.06988540000748,2,-0.4896764991288232,-1.4584375974559642,0.9687610983271411,-3.027926038067198
16.069890599988867,3,1.3423331502959064,1.3801957355026817,-0.03786258520677532,-0.2601339157091801
16.06989629997406,4,-0.538716369594415,-0.8420488500234647,0.3033324804290497,-0.10499067600287915
16.069901399954688,5,0.10127057920293826,0.9324966550079402,-0.831226075805002,0.3319021970639864
16.069906899996568,6,-1.934059399370107,-3.1229290116687958,1.1888696122986888,0.10947533823302974
16.59507909999229,0,0.23924957898615354,0.23268340382661853,0.006566175159535004,0.0012752284446237465
16.595104999956675,1,-0.21539393540871662,-0.20946633421149854,-0.00592760119721808,-0.0032162883737225628
16.595111900009215,2,-0.4622633944193555,-0.4886343155983901,0.026370921179034612,-0.0017835564517018829
16.595118700002786,3,1.300745484505697,1.3427265169988871,-0.041981032493190185,0.00018019453703756053
16.595123899984173,4,-0.35538387866655,-0.5429308389181544,0.1875469602516044,-0.002167588098883279
16.59512909996556,5,0.06873011684960548,0.09327097112449771,-0.024540854274892235,0.0009003733931995045
16.595134300005157,6,-1.897600917051172,-1.9336470672780126,0.036046150226840545,-0.0029150573864644264
16.81492989999242,0,0.24151429672607225,0.23882068732846667,0.002693609397605573,-0.003740144670779501
16.81496170000173,1,-0.21794059106754204,-0.21335688746316614,-0.004583703604375905,0.009113914023741884
16.81497089995537,2,-0.4569782275134841,-0.4620514142202382,0.005073186706754107,-0.03222415030614307
16.814978799957316,3,1.2909447839684822,1.3004346085317704,-0.009489824563288174,0.03768561300303648
16.814986699959263,4,-0.3140162773332474,-0.34309110253005354,0.029074825196806153,0.36035888791331927
16.81499469996197,5,0.05389271197260722,0.06256159395215038,-0.008668881979543165,-0.04682547831100194
16.815001699957065,6,-1.9083608874413691,-1.9145391905333724,0.00617830309200329,0.061638375726120076
17.017027999972925,0,0.20636920282575064,0.2804182009858683,-0.07404899816011765,-0.28446183452358714
17.01705349999247,1,-0.17081719230623887,-0.2884321227706662,0.11761493046442734,0.29160230174003976
17.017059699981473,2,-0.46661621548360716,-0.38029059785880576,-0.0863256176248014,-0.3645522573283351
17.01706559996819,3,1.3234129349195765,1.1530006317030086,0.17041230321656786,0.8989110542828516
17.017071699956432,4,-0.4004406560473459,-0.0005888890399648322,-0.39985176700738106,-7.266100548990235
17.017077500000596,5,0.2938544951689021,-0.03239905364133722,0.3262535488102393,2.5151611114545527
17.017082699981984,6,-1.3586860460589716,-1.8237163594329058,0.4650303133739342,-0.5945415404733764
17.271495900000446,0,0.2338582411544672,0.2054930580946534,0.02836518305981381,-0.0006269028684800875
17.2715223999694,1,-0.20290738171511596,-0.16919088709127314,-0.033716494623842824,0.00047497147511263763
17.27152929996373,2,-0.4551833003898765,-0.46715146916384814,0.011968168773971666,-0.0016255138632380412
17.271534500003327,3,1.2950562057548498,1.323441341630347,-0.02838513587549718,-0.007706158857293304
17.27153949998319,4,-0.32015827919242723,-0.39571225820721323,0.075553979014786,-0.04074976631055233
17.271544399962295,5,0.10569366549541193,0.2870692184078577,-0.18137555291244578,0.005246796517912629
17.27155020000646,6,-1.7945584785585118,-1.356181125262274,-0.43837735329623784,-0.022496568202653184
17.55212730000494,0,0.23927181327636238,0.23415966471281516,0.00511214856354722,0.002213542495544293
17.55215949995909,1,-0.2109405302768961,-0.20345136933605526,-0.007489160940840844,-0.0030710207259454815
17.552168899972457,2,-0.4543900493339645,-0.4550085491180483,0.0006184997840837925,0.002224140106041481
17.552177599980496,3,1.289863271910462,1.2951676005237742,-0.005304328613312315,0.0040354491424049324
17.55218589998549,4,-0.30529215054011105,-0.32080377552596223,0.01551162498585118,0.01012682206033852
17.552193899988197,5,0.06949965839900128,0.10690946537630179,-0.03740980697730051,0.01627333658522838
17.552201199985575,6,-1.86586190797056,-1.7973720021968476,-0.0684899057737125,0.040396481229943014
17.76497349998681,0,0.2405939873221496,0.25316031918791676,-0.012566331865767166,-0.27422698910221044
17.764993499964476,1,-0.21178406107003186,-0.23343161956502662,0.02164755849499475,0.5215524410259379
17.764999700011685,2,-0.45202412924156715,-0.4531866303029018,0.001162501061334642,0.030818556654903483
17.76500529999612,3,1.285383840079908,1.2818901703414205,0.003493669738487526,0.2838914671006436
17.76501069997903,4,-0.28679406683860786,-0.301313325054612,0.014519258216004138,-0.5426723048241049
17.765015699958894,5,0.06094376487758629,0.0275979176365843,0.033345847241001994,2.3474999888846555
17.76502019999316,6,-1.873947696060008,-2.028358213377254,0.15441051731724587,4.752601665184362
18.012232100008987,0,0.2396045409745574,0.24042249383723505,-0.0008179528626776345,0.11696175993367114
18.01226389996009,1,-0.2113523612395813,-0.21466762055493022,0.0033152593153489285,-0.15154293591038503
18.012271199957468,2,-0.45427192693456836,-0.45344425718007514,-0.000827669754493221,0.04271659403738196
18.01227700000163,3,1.2894471008576747,1.2832810518597952,0.006166048997879425,0.038280999742098615
18.012282499985304,4,-0.30391626496118157,-0.2964915597846485,-0.007424705176533097,-0.1339163358723142
18.01228749996517,5,0.06730425260676179,0.04839198504785132,0.01891226755891047,0.7059412135854145
18.012294099957217,6,-1.869662525411576,-1.9198968498089184,0.050234324397342434,-0.3686407095205598
18.33500769996317,0,0.2484025582396157,0.2376096301767372,0.010792928062878515,0.10615383547051598
18.335040499980096,1,-0.22949829769306282,-0.19585541014373048,-0.03364288754933234,-0.41088940258174744
18.335050099994987,2,-0.4754577999042279,-0.45325159566066764,-0.022206204243560235,0.12182527565534847
18.335055799980182,3,1.3130458685745887,1.324286724607577,-0.011240856032988189,-0.5296322032468199
18.33506249997299,4,-0.4258682695751047,-0.2906471841093662,-0.13522108546573852,1.2509499621624627
18.335068599961232,5,0.008396707670145026,0.14670203402655305,-0.13830532635640802,-1.966834767283065
18.335073499998543,6,-2.0847163743871446,-1.618613335072532,-0.4661030393146126,-4.885765926860552
18.834562100004405,0,0.24305666282259167,0.24836352922886556,-0.005306866406273897,-0.0009244003160109365
18.83462129998952,1,-0.2171224142230116,-0.229499018557841,0.0123766043348294,0.0016864004736834872
18.834634499973617,2,-0.4578740441167247,-0.47559013378391246,0.01771608966718774,-0.0002751870520336363
18.83464479999384,3,1.2922874241489894,1.3128224099892867,-0.020534985840297226,0.000573950501704876
18.834652599995025,4,-0.3224684890879129,-0.42690667795438436,0.10443818886647144,0.012694307111597867
18.834659999993164,5,0.0443016005879909,0.007985041630980032,0.03631655895701087,-0.008870324448747498
18.83466719998978,6,-1.9261131729709482,-2.0872559711522607,0.1611427981813125,0.021840212857694462
19.2760306999553,0,0.24153122857033424,0.24428420860008498,-0.0027529800297507456,0.034437578991782375
19.276057699986268,1,-0.21385010801414797,-0.2199886089666259,0.006138500952477921,-0.035293713889435904
19.276064999983646,2,-0.45573989273671883,-0.4574650059149958,0.001725113178276949,-0.02221699970253096
19.276070799969602,3,1.2904547278823526,1.291090325278151,-0.0006355973957983263,0.055610397255384844
19.27607659995556,4,-0.31161365919425177,-0.31911318758286306,0.007499528388611287,0.20962699987474565
19.276081699994393,5,0.05459195962455504,0.0375901965189894,0.017001763105565643,0.24753518150765466
19.276086499972735,6,-1.8980428860785483,-1.9767128481212803,0.07866996204273202,-0.3524945021803313
19.642606999957934,0,0.23950449606374422,0.23603790836242436,0.0034665877013198565,0.1294297705036043
19.64263519999804,1,-0.2099117576820818,-0.20232629499142937,-0.007585462690652439,-0.31673329492623437
19.642642299993895,2,-0.45395104965213917,-0.45541657908478217,0.001465529432642998,-0.07309691298137738
19.642647799977567,3,1.2894777898486662,1.2886107634266728,0.0008670264219934332,-0.008585455868760215
19.642653099959716,4,-0.3038336292816583,-0.3041444614107485,0.0003108321290902216,-0.18829087939329597
19.64265880000312,5,0.06824044324253005,0.05878704014521286,0.009453403097317188,-0.8057108326751148
19.642663699982222,6,-1.8652941762466266,-1.7683547500870762,-0.09693942615955042,-4.308710623061035
20.198353599989787,0,0.24145110522276864,0.24486806030431799,-0.00341695508154935,-0.12485864280497386
20.198380499961786,1,-0.2135250079164066,-0.2188343467827685,0.005309338866361896,0.24797761846152058
20.19838739995612,2,-0.4554438875977449,-0.4502594631554472,-0.005184424442297719,-0.05347847759748189
20.198392199992668,3,1.290118144356549,1.2936251573568784,-0.0035070130003294064,-0.04780172424163089
20.198397399974056,4,-0.3099329371218385,-0.30467170985049186,-0.005261227271346647,0.11297897619622904
20.198402400012128,5,0.05516328993776611,0.09819120109755422,-0.04302791115978811,-0.4490950564052279
20.198407399991993,6,-1.8957551704846565,-1.914153339276663,0.01839816879200651,3.275272839490532
20.685060899995733,0,0.23450294609008296,0.19329880309813652,0.04120414299194644,-0.22988055409890054
20.685090099985246,1,-0.19884992298769358,-0.17644143751990887,-0.022408485467784706,-0.5311082779878794
20.685096999979578,2,-0.4469167409482183,-0.514971947411077,0.06805520646285868,-0.05817920651232995
20.68510259996401,3,1.282845465002664,1.2564764106630801,0.02636905433958381,0.1549252572470729
20.68510810000589,4,-0.2647682558244582,-0.35500478617854314,0.09023653035408497,0.44583717820757995
20.685113099985756,5,0.10251980138487676,-0.21536637842395343,0.31788617980883016,5.081786706623148
20.685118299967144,6,-1.7792596320560405,-1.7595749002244974,-0.01968473183154318,-1.9918274036157588
21.124756600009277,0,0.24136312443498403,0.22972675785031657,0.011636366584667462,0.010045809137787217
21.124782799975947,1,-0.2090158992037692,-0.18837120834497478,-0.020644690858794418,0.03838185105016563
21.12478919996647,2,-0.4473975077512684,-0.4544571118123718,0.007059604061103397,-0.024152530431930566
21.124794800009113,3,1.2785138996745031,1.2755370272841626,0.0029768723903405014,-0.0211467526923429
21.124801099998876,4,-0.2562302998346374,-0.2515918171449879,-0.0046384826896495035,0.021601120758337995
21.124806399981026,5,0.056643105798512054,0.07731171080344727,-0.02066860500493522,0.3345546223146067
21.12481139996089,6,-1.8641746690604168,-1.786119520470511,-0.07805514858990592,0.0398778068332864
21.395932699961122,0,0.2222492780825873,0.30379040733157414,-0.08154112924898685,-0.0552247518622394
21.39596180000808,1,-0.21777489527787242,-0.29876516916682816,0.08099027388895574,0.7560877245206105
21.395968199998606,2,-0.6517189622294424,-0.4030765901138552,-0.24864237211558715,0.022517344773495304
21.395974899991415,3,1.4962432916178827,1.2903030643126392,0.20594022730524353,-0.04818494267893315
21.395980399975087,4,-1.3825850153211254,-0.26346414998879186,-1.1191208653323335,-0.012807019605415432
21.395985200011637,5,0.176733184049114,0.053299497535651816,0.12343368651346219,1.3981503605462342
21.395990499993786,6,-1.4410587674056776,-1.9861745067131997,0.5451157393075221,4.520125687609777
21.94465689995559,0,0.2288446343457799,0.2220550773893836,0.006789556956396298,0.00016953085118245892
21.944691799988504,1,-0.20916459042411137,-0.21722783413914026,0.008063243715028895,-0.00013865015845772208
21.944702100008726,2,-0.48486305744067193,-0.6520159473331696,0.16715288989249766,0.0005686517797810477
21.94470779999392,3,1.3375277726568364,1.4962026649402995,-0.1586748922834631,-0.0005346487283192308
21.944713399978355,4,-0.5078951612854486,-1.382399760759672,0.8745045994742234,0.002998099830481326
21.944718099955935,5,0.13631609823962135,0.17603553587118478,-0.03971943763156344,-0.00039559594909518016
21.94472319999477,6,-1.8099337938222724,-1.4404227317734088,-0.3695110620488635,-0.0013131002642058681
22.323356899956707,0,0.23837123538852248,0.22884297153823815,0.009528263850284324,-6.936920137223558e-06
22.32339440000942,1,-0.21380333547587885,-0.20927013683887896,-0.004533198636999886,-3.2259427472604376e-05
22.323401400004514,2,-0.45825881249895567,-0.4846643191630549,0.026405506664099243,-0.0004448926847345399
22.3234078999958,3,1.2952295038872947,1.3375051663646007,-0.042275662477305964,0.00045497908750902866
22.323414099984802,4,-0.32866004578746605,-0.5078095615184905,0.1791495157310245,-0.002397875089746198
22.32341999997152,5,0.07462005025386195,0.1363947078673414,-0.061774657613479445,0.00016380900677131588
22.323425699956715,6,-1.8723654285240217,-1.8105881989245083,-0.06177722959951337,0.0010087697155042252
22.654343499976676,0,0.24003435203075066,0.23810023922493154,0.0019341128058191215,-0.007221843770228286
22.6543674999848,1,-0.21543819914985787,-0.21149708455463953,-0.003941114595218342,0.021896352659872463
22.654374499979895,2,-0.4555366168876529,-0.4576208162658281,0.002084199378175222,-0.0497092806366649
22.654394799959846,3,1.2898968703907736,1.2941878294298101,-0.004290959039036535,0.058070273855462436
22.65440050000325,4,-0.3068329839196126,-0.3201050738756895,0.013272089956076871,0.5251998772822435
22.65440589998616,5,0.06374914018963208,0.07118105019122628,-0.007431910001594197,-0.05427427679583432
22.654410899966024,6,-1.8845606707573808,-1.8624119330240219,-0.022148737733358903,-0.029342477262506
22.87290849996498,0,0.22359827448277056,0.2782703454346332,-0.054672070951862634,-0.23694610025789584
22.872935399995185,1,-0.18916048228289417,-0.29883897729117986,0.10967849500828569,0.19915418071347557
22.872942299989518,2,-0.45550536171806194,-0.415594817082838,-0.03991054463522392,-0.32730188612710265
22.87294779997319,3,1.3013479531289387,1.2086914897245977,0.09265646340434097,0.7295597274427723
22.872953499958385,4,-0.3310117247579948,-0.10954868349047767,-0.22146304126751712,-4.816866717946084
22.87295879999874,5,0.17502896277990984,-0.052113992272765496,0.22714295505267534,2.4482999054914845
22.872964199981652,6,-1.645717721206933,-2.303147195090242,0.6574294738833089,3.7894037666053038
23.2355966999894,0,0.23705483807965147,0.2233927467467864,0.013662091332865056,0.0010381256356529049
23.235629600007087,1,-0.20835327507327392,-0.1886814123432907,-0.019671862729983225,-0.001773783949500184
23.23563720000675,2,-0.45416014002674115,-0.45558174272968316,0.0014216027029420042,0.0008324056256029468
23.23564389999956,3,1.2908928757402474,1.3014096558747261,-0.010516780134478765,0.0006664579920352126
23.235651099996176,4,-0.3064234589880675,-0.3305873551052632,0.024163896117195716,0.003357639240358868
23.235656199976802,5,0.08412366338097935,0.17468823039226328,-0.09056456701128393,0.0032987005676237083
23.235661799961235,6,-1.8374979412128847,-1.6438750624378153,-0.19362287877506934,0.00020167032785571668
23.5998355000047,0,0.24024692359972766,0.23543261997786394,0.004814303621863719,-0.020197848653387376
23.59985769999912,1,-0.21368784907261587,-0.20404809157760187,-0.009639757495014,0.002344753920900924
23.59986379998736,2,-0.4550748520241936,-0.45424972368611916,-0.0008251283380744656,-0.02881509609932112
23.599869399971794,3,1.2897436346564957,1.291028926040538,-0.0012852913840424307,-0.02871845490654437
23.59987470001215,4,-0.3063777338087779,-0.30003274388336076,-0.006344989925417155,0.005276526654411296
23.59987939998973,5,0.06275448043654819,0.08236165455195403,-0.019607174115405843,-0.2942698820888161
23.599884399969596,6,-1.882498210507507,-1.8004238031979027,-0.08207440730960425,-0.3167740618347164
23.825384399970062,0,0.24015059926586785,0.25045063975528675,-0.010300040489418905,-0.20466139511711448
23.825410199991893,1,-0.21253197706158664,-0.23159638605434693,0.019064408992760296,0.4601826760997761
23.825416599982418,2,-0.4530071973214509,-0.4530343954981162,2.7198176665299556e-05,0.04635954941332732
23.825422399968375,3,1.2868224585404788,1.2913341462791206,-0.004511687738641745,0.07499888735875605
23.825427900010254,4,-0.29275755911504175,-0.32220003206632264,0.029442472951280885,0.3605862426541631
23.825433199992403,5,0.06360000475935831,0.07451919781406056,-0.01091919305470225,0.8538113177534817
23.82543769996846,6,-1.873548179165343,-1.9892398766269457,0.11569169746160268,4.07236103846431
24.084255199995823,0,0.23767811786561036,0.22253976910928722,0.015138348756323139,0.34975548822426183
24.084346599993296,1,-0.21240720761183235,-0.19738321901199055,-0.015023988599841803,-0.4221488192586165
24.084355500002857,2,-0.46105251884026516,-0.4570817710584742,-0.003970747781790962,0.056116094999598715
24.084362199995667,3,1.3002620812112853,1.2801791242652214,0.02008295694606388,0.0689726076761116
24.08436919999076,4,-0.3506002665633442,-0.2947287297485535,-0.05587153681479068,-0.5882185889013277
24.084374799975194,5,0.07930669329183014,0.0019725754903960613,0.07733411780143408,0.0748606750753173
24.084381599968765,6,-1.870461492682017,-1.880472918011199,0.010011425329182089,-2.353604283430761
24.998320999962743,0,0.19807755158708343,0.35277161446425626,-0.15469406287717283,0.28760030692910543
24.99834920000285,1,-0.3130994674169906,-0.24995572725843554,-0.06314374015855503,0.6383414450800391
24.998356500000227,2,-0.538373373873372,-0.44773469636573354,-0.09063867750763849,0.4190506008101492
24.998361599980853,3,1.3830048354306812,1.3764324882933965,0.0065723471372847175,-0.6352053863878999
24.998366899963003,4,-0.6792918389047758,-0.40537085806571693,-0.2739209808390589,2.9830805690991844
24.998371900001075,5,0.3155003405616124,0.20924574801353815,0.10625459254807426,-3.3369534423106404
24.998376699979417,6,-3.124,-1.8754959711022146,-1.2485040288977856,0.40549966493236955
26.728874199965503,0,0.24309873691155573,0.19777138890563548,0.045327348005920254,0.0005013449080692521
26.728943099966273,1,-0.22177456481456914,-0.31282757392629496,0.09105300911172581,0.00024113489849894208
26.728955400001723,2,-0.48379487596386,-0.5385697840390988,0.054774908075238826,0.0002696514890618938
26.72896529996069,3,1.3290356139691282,1.382779528262972,-0.05374391429384384,-2.9442875052204972e-05
26.728984699991997,4,-0.49120177477574034,-0.6791434240654843,0.187941649289744,0.001572955888714876
26.728993199998513,5,0.04315635783123845,0.3137706956008959,-0.27061433776965743,-0.0004095881121162596
26.72900359996129,6,-2.060587405183975,-3.124003950223076,1.0634165450391007,0.00023701338455595067
29.091651399969123,0,0.24256500464192246,0.24311548346786865,-0.0005504788259461935,-9.072890645348271e-05
29.091703299956862,1,-0.21706688525464188,-0.22168673619459991,0.004619850939958037,-0.00017634950112396184
29.091711699962616,2,-0.4591248386617916,-0.4837622660491373,0.0246374273873457,-0.00010828167192847551
29.091718499956187,3,1.294422320657365,1.3290137626115566,-0.034591441954191504,0.00010597579532101669
29.091726299957372,4,-0.33151572066295226,-0.49119029895667815,0.1596745782937259,-0.00037765352335254276
29.091732600005344,5,0.04741986736519208,0.043129917879864005,0.004289949485328078,0.0005312501208976502
29.09173899999587,6,-1.925496818084099,-2.0581620906215243,0.13266527253742533,-0.0020497823803446004
30.85114819998853,0,0.23983233436911347,0.24319559669541202,-0.0033632623262985495,0.02217446919901056
30.851193899987265,1,-0.21068508957262982,-0.21807313514755594,0.0073880455749261165,-0.00033779446139102715
30.85120370000368,2,-0.4555397197173971,-0.4576225392613591,0.002082819543962,-0.06408635662930139
30.851211600005627,3,1.2916897920132706,1.292018410613284,-0.00032861860001331955,0.10053626080923685
30.851220199954696,4,-0.31453319668978585,-0.334099186677332,0.019565989987546162,0.608448322865868
30.85123129998101,5,0.06599994959251758,0.04154586259473076,0.02445408699778682,0.128153381466946
30.85124150000047,6,-1.8746005670042214,-1.9707580255755976,0.09615745857137625,-0.375204889439285
32.189485499984585,0,0.24141744145978566,0.23720799200990367,0.004209449449881997,0.09389694535636035
32.189574699965306,1,-0.2130794233724275,-0.2054407364802787,-0.007638686892148805,-0.24750391765489932
32.18959279998671,2,-0.45458454662372266,-0.45614638108727146,0.0015618344635487946,-0.03214613331258388
32.189608599990606,3,1.2888991668138416,1.2905406558437202,-0.0016414890298785956,-0.02179593366029221
32.189618100004736,4,-0.304264867524552,-0.3018151532839867,-0.0024497142405652816,-0.46982606622731715
32.18962769996142,5,0.05546719236203667,0.0614228028616485,-0.005955610499611831,-0.44466813430626506
32.18963659997098,6,-1.891983466035227,-1.8242849344907173,-0.06769853154450978,-3.291602468577878
33.43837709998479,0,0.23845989593996886,0.2580209741193833,-0.019561078179414437,-0.23796845147875834
33.438407699984964,1,-0.20722858320858162,-0.2395642978228358,0.03233571461425419,0.45349973674859295
33.43841409997549,2,-0.45199048296083577,-0.448273184559293,-0.003717298401542779,-0.0393495569225579
33.43842679995578,3,1.287485892434675,1.2905924207983837,-0.003106528363708616,0.11340593428707389
33.438434100011364,4,-0.29292117368102744,-0.32990796164133473,0.0369867879603073,0.42620739401084434
33.438439499994274,5,0.07544087574179707,0.08167438067174737,-0.006233504929950298,0.7722552516213418
33.43847890000325,6,-1.8447570047089308,-2.057496711138417,0.21273970642948625,4.6794099448118285
33.9396318999934,0,0.23966436675776365,0.24273851554943518,-0.0030741487916715327,0.05253246422725
33.93966069997987,1,-0.20973131096208028,-0.21492619751877884,0.005194886556698558,-0.04190746214479134
33.93966979999095,2,-0.4534934262958514,-0.44952683651519976,-0.003966589780651619,0.03775672203653927
33.93967719998909,3,1.2887654277222702,1.2899811818463316,-0.0012157541240613856,0.056545411250281764
33.939686199999414,4,-0.3008006338083261,-0.3010599190301366,0.0002592852218105124,0.15227975664443957
33.939692999992985,5,0.06726418165118017,0.10011681063144358,-0.03285262898026341,0.46056921851192073
33.93971909995889,6,-1.8653644841375052,-1.8716914539106864,0.006326969773181146,0.5460798892991973
34.333394299959764,0,0.24093714214948994,0.18660097412743598,0.05433616802205396,-0.3099457574140153
34.33342719997745,1,-0.21228020410456142,-0.14855756950254512,-0.0637226346020163,-0.6254724599441083
34.333436399989296,2,-0.45502956655575194,-0.5141357205384102,0.05910615398265823,-0.10307626823807911
34.333445099997334,3,1.2900289377561245,1.2746653487794817,0.015363588976642806,0.09071425057324381
34.333453200000804,4,-0.30868193536508093,-0.30400753502628053,-0.0046744003388004,-0.022423134656085822
34.33346110000275,5,0.058669526390123065,-0.2721162412882543,0.33078576767837736,5.255749815894807
34.33347740001045,6,-1.8871765773399218,-1.795752271944586,-0.09142430539533586,-0.8424306506401102
34.74553269997705,0,0.24116925687289525,0.23439563538858144,0.006773621484313819,0.024960401869338875
34.74556869996013,1,-0.21101164522671126,-0.20083108928135646,-0.010180555945354802,-0.021239135327043614
34.74557619995903,2,-0.451125014742724,-0.46152689873494646,0.010401883992222472,0.0144985854151003
34.74558170000091,3,1.2840548703791064,1.2825585019174568,0.0014963684616495776,0.005981260577796745
34.74558699998306,4,-0.2815320672359219,-0.3031385200431938,0.021606452807271914,-0.18859313933389224
34.74559249996673,5,0.05745919231237481,0.022611755733576516,0.034847436578798296,0.3527756068049996
34.74559760000557,6,-1.875800926012981,-1.8974129573733058,0.021612031360324746,-0.0031481049606212497
35.09618130000308,0,0.23020440294562244,0.3481266015240053,-0.11792219857838288,0.5354667737446298
35.096207199967466,1,-0.8875833470003733,-0.34123941788431056,-0.5463439291160628,0.3416963301767871
35.09621329995571,2,-0.5736952744127694,-0.304491566505589,-0.26920370790718035,0.18123575774267528
35.09621920000063,3,1.2300134542119174,1.306849246598122,-0.07683579238620464,0.044346793187019666
35.09622459998354,4,0.0610423623776802,-0.08506400941452646,0.14610637179220667,-3.1324700780651087
35.09622989996569,5,0.3364196454056604,0.36908648714395753,-0.03266684173829715,-5.059359097310297
35.09623470000224,6,0.6250882754922329,-1.6170331292665014,2.242121404758734,-2.0226010572657604
35.99454639997566,0,0.22417375659940453,0.22990459271511737,-0.005730836115712845,0.00015676428337226472
35.99457189999521,1,-0.21237254107916723,-0.887780337423584,0.6754077963444167,0.0007213639715200266
35.99457859998802,2,-0.507522898515756,-0.5739925499889583,0.06646965147320227,0.0003497808019695447
35.994583799969405,3,1.3666639683804436,1.2297531926561678,0.1369107757242758,0.0001065251991297878
35.99458969995612,4,-0.6370433919991912,0.06071317492088271,-0.6977565669200739,-0.0002724270322465907
35.994594599993434,5,0.16556669567755233,0.33513585385108324,-0.1695691581735309,-2.8874118901401578e-05
35.99460039997939,6,-1.8021924430033573,0.6276759962933554,-2.4298684392967127,-0.0029631775253611678
37.00023169995984,0,0.23769197966582886,0.22402377137772897,0.013668208288099892,3.095011174556159e-05
37.00027439999394,1,-0.21438539099692902,-0.21184511363184313,-0.0025402773650858856,-0.0013156393615495112
37.00028219999513,2,-0.46106233109915185,-0.5075117951395691,0.046449464040417277,-0.00013466442493715764
37.00028799998108,3,1.2995819386965548,1.3667040261312895,-0.06712208743473469,-0.00027715364597000566
37.00029299996095,4,-0.347595263129663,-0.6372319853744425,0.2896367222447795,0.001326496479609918
37.00029880000511,5,0.07880870885928017,0.16536530229752897,-0.0865565934382488,9.083532914891856e-05
37.0003039999865,6,-1.874170742493315,-1.8047979614505032,-0.06937278104281175,0.004951485168047375
37.57220840000082,0,0.241289440191246,0.2375665816260677,0.0037228585651783164,-0.0002333337616515826
37.57225029997062,1,-0.21810535216481927,-0.21348300143150245,-0.004622350733316821,-0.012522163611839797
37.57226039998932,2,-0.45574205260230066,-0.46156543432239217,0.005823381720091503,0.005683137392916407
37.572270300006494,3,1.28894170083187,1.299496058048577,-0.010554357216707055,-0.004070381127558738
37.57227889995556,4,-0.30448775311091786,-0.3378050990702857,0.03331734595936786,-0.1661600428150282
37.57228679995751,5,0.0552815304759746,0.07714647394476871,-0.021864943468794112,0.016272427020772175
37.57229439995717,6,-1.9021850346543667,-1.8738367106934994,-0.028348323960867283,-0.02096314696168896
38.14439410000341,0,0.212205713717273,0.2845708641859943,-0.0723651504687213,-0.4317452914224272
38.144432900007814,1,-0.19075607686661325,-0.2789733312650377,0.08821725439842446,0.2892769287538856
38.14444149995688,2,-0.4780373741115993,-0.3806960329514936,-0.09734134116010568,-0.38706494031155964
38.144449099956546,3,1.3346819511995889,1.1614941898090805,0.1731877613905084,0.9979662823940545
38.14445630001137,4,-0.465704744478328,-0.02627372499785402,-0.43943101948047397,-7.406448847200047
38.14446370000951,5,0.2490115694073737,-0.13752933586091148,0.3865409052682852,4.521017030651465
38.14446989999851,6,-1.4643745948497413,-2.241021059941543,0.7766464650918019,3.4947491105303334
38.94738909997977,0,0.23372177286713394,0.21204740020694496,0.021674372660188984,0.00033532491408654947
38.947424899961334,1,-0.2057276282926925,-0.19036971527804997,-0.015357913014642538,-0.00048649904873176287
38.94743409997318,2,-0.45633823299277937,-0.4781308665849253,0.02179263359214595,0.0004539490426844
38.94744159997208,3,1.2959324420483667,1.3348454632731819,-0.038913021224815214,-0.0008712135949681384
38.947449399973266,4,-0.3241164364212096,-0.4649775276204991,0.14086109119928952,0.0019703029650953996
38.94745719997445,5,0.10592284184257403,0.24885152530431315,-0.14292868346173912,-0.00209234203313316
38.94746449997183,6,-1.8009487369573454,-1.4625795862149302,-0.33836915074241514,-0.004136323343265355
39.513790900004096,0,0.23897856189529423,0.23355172417914644,0.005426837716147798,0.006034227574291001
39.513850999996066,1,-0.2131103053538871,-0.20558844937698892,-0.007521855976898167,-0.010476351357668253
39.51386020000791,2,-0.45478548847869493,-0.4565517548435761,0.0017662663648811416,0.005352906448864564
39.51386820001062,3,1.289772539080147,1.2954997520102076,-0.00572721293006051,0.004628723476842482
39.51387629995588,4,-0.30452233153252295,-0.32480111837566683,0.02027878684314388,-0.035785540509784816
39.513882800005376,5,0.07091016112996296,0.10373787607075324,-0.03282771494079029,0.05603022736749271
39.51389040000504,6,-1.8675985026395476,-1.8074736764211268,-0.06012482621842086,-0.026281778918662374
39.91164830001071,0,0.2403562128125434,0.2620108881576695,-0.02165467534512608,-0.3544732555466471
39.91167319996748,1,-0.21334124502969362,-0.24803156901860957,0.034690323988915944,0.5743746289603215
39.91167919995496,2,-0.45125996967278176,-0.45036472578376185,-0.0008952438890199033,-0.04564869365624574
39.91168520000065,3,1.2835829978478392,1.277316036764524,0.006266961083315259,0.41390437334364144
39.9116904999828,4,-0.2782176532556484,-0.28662910255615,0.008411449300501583,-1.1817681583496709
39.91169549996266,5,0.06213294748204339,0.012422357893315535,0.04971058958872786,2.9956258037897507
39.91170100000454,6,-1.871919704687273,-2.0738842463247193,0.20196454163744626,5.175831980024912
40.40582479996374,0,0.23919634928870226,0.24360530534822367,-0.004408956059521407,0.06893789344301736
40.40593079995597,1,-0.2123815218410499,-0.2201498855813229,0.00776836374027301,-0.04865824745501337
40.40598250000039,2,-0.45279721537004336,-0.4505165474951037,-0.0022806678749396347,0.049897275925144334
40.405993499967735,3,1.2867458767082043,1.283939644947768,0.002806231760436262,0.0634866057888134
40.406001699971966,4,-0.29091937185852174,-0.28902608421926507,-0.0018932876392566689,0.1010912642562005
40.40600929997163,5,0.06967939756690676,0.07681601187743523,-0.0071366143105284635,0.6614459840006335
40.40601769997738,6,-1.8631009563999483,-1.9037475131245483,0.040646556724599936,0.4855860095982524
40.80711439996958,0,0.24325933947377876,0.18959275008772905,0.05366658938604971,0.056993014461891645
40.80716199998278,1,-0.22330080420821696,-0.13386551318392234,-0.08943529102429462,-0.4893147108749199
40.80717200000072,2,-0.4683834985756387,-0.4707367909652535,0.0023532923896147917,0.223317554110274
40.80718080000952,3,1.306296391661478,1.302284916516041,0.004011475145436982,-0.4715791441537998
40.80719089997001,4,-0.3872050736538327,-0.2539310574965054,-0.1332740161573273,1.0805970532790947
40.807198599970434,5,0.04186218060094738,-0.006425079534276868,0.04828726013522425,0.3227423330700818
40.807206799974665,6,-1.9805869661909046,-1.5393922154386432,-0.44119475075226133,-4.938819497515818
42.126611899991985,0,0.2414228173142013,0.2443694191259673,-0.0029466018117660087,0.011012337393795545
42.126672399987,1,-0.21703875578544854,-0.2250145828428608,0.00797582705741226,-0.018131002089492115
42.12668049999047,2,-0.45666425830623075,-0.46776880600022736,0.011104547693996603,0.010609385168028366
42.12668629997643,3,1.2907939254458884,1.3069632382595788,-0.016169312813690384,0.015492155877363467
42.12669199996162,4,-0.313146273493056,-0.3890226092563982,0.07587633576334218,0.024862750030099752
42.12669790000655,5,0.05464658351571243,0.04884763467215608,0.005798948843556348,0.04731420147182827
42.12670339999022,6,-1.9049682284515228,-1.9824139506128204,0.07744572216129764,0.05214153142537374
43.4637584000011,0,0.2263164356564011,0.2313043572031232,-0.0049879215467220905,0.1674990047407521
43.4638103999896,1,-0.19454045215128127,-0.20177205224893502,0.007231600097653751,-0.4015434544525757
43.46381819999078,2,-0.45697458412784253,-0.43925845310642214,-0.01771613102142039,-0.5194523712892456
43.463824299979024,3,1.3016964613320452,1.2587969582065444,0.04289950312550084,0.6317490530371354
43.46383059996879,4,-0.3376802462031643,-0.3034415310215113,-0.034238715181653,-2.9791552911823183
43.46383689995855,5,0.15607038174794846,0.041512430828237225,0.11455795091971124,-0.5612588643146667
43.46384380001109,6,-1.6912094394146082,-1.7702635197397998,0.07905408032519157,-4.565770565238129
45.27723969996441,0,0.2445654996883712,0.22886841975903718,0.01569707992933403,0.03538144889727776
45.27734549995512,1,-0.22871930319377023,-0.19731130305404926,-0.031408000139720976,-0.31567686894879654
45.27735539997229,2,-0.5184976496782701,-0.46080613259505043,-0.05769151708321962,0.44089657332650883
45.277363699977286,3,1.3707680331167593,1.3603036723130821,0.010464360803677186,-0.9799484070875942
45.277373199991416,4,-0.6884259894168314,-0.23305729026497762,-0.4553686991518538,-0.3386158401700475
45.27738029998727,5,0.03267011236980654,0.1430112525258566,-0.11034114015605007,-1.4432770247329865
45.277387899986934,6,-2.458542382572006,-1.6784099115988915,-0.7801324709731146,-0.8159002263137876
47.98297879996244,0,0.24473012383934956,0.2445947214594326,0.0001354023799169657,-9.336278472119629e-05
47.98301560000982,1,-0.22775750320003288,-0.22877464834714514,0.001017145147112264,0.00017419653449966187
47.98302609997336,2,-0.4690969513388594,-0.5185793256450124,0.04948237430615299,0.0003391897980587574
47.983034699980635,3,1.30538619792343,1.370682948796725,-0.0652967508732949,-8.710284405463743e-06
47.983043499989435,4,-0.38538351342321436,-0.6891708835450154,0.30378737012180107,0.002657622427147206
47.98305959999561,5,0.03179877358040318,0.03263520345275354,-0.0008364298723503583,0.0007002623263136732
47.98306759999832,6,-2.006833950932058,-2.460895821859286,0.45406187092722794,0.005050151566808835
51.56327899999451,0,0.24151931139713123,0.24467007277564065,-0.00315076137850942,0.0002532439012734217
51.563389399962034,1,-0.21833830714279925,-0.2277812331510776,0.00944292600827834,0.0002371611960980848
51.5633969999617,2,-0.4573382258914551,-0.46901304098178415,0.011674815090329027,-0.0004406767256471875
51.56340360001195,3,1.291374672558053,1.3052533815481495,-0.013878708990096467,0.0007627607119051267
51.56341110001085,4,-0.3160137833839134,-0.38590330246252885,0.06988951907861546,0.006480783701451629
51.56341619999148,5,0.053784277107332246,0.031482690376695086,0.02230158673063716,0.0019724856589828825
51.563421199971344,6,-1.9102525897087947,-2.003825602099281,0.09357301239048632,-0.03338983513703766
54.8335465999553,0,0.2323440391803468,0.23673936578000776,-0.004395326599660965,0.14525754915369177
54.833649899985176,1,-0.20317664799380575,-0.2110341735296847,0.007857525535878956,-0.33343510759697836
54.833712799998466,2,-0.4579061780765158,-0.44818130584580973,-0.009724872230706061,-0.2807824353696088
54.83372369996505,3,1.299518504014546,1.279489818138048,0.020028685876497976,0.2686211427746985
54.833735799998976,4,-0.3382232291469524,-0.3237351553725016,-0.014488073774450827,-0.7940874946147843
54.833742399991024,5,0.11530144186135445,0.04719790657893421,0.06810353528242025,-0.7467180404167201
54.8337523000082,6,-1.7828936579619592,-1.8468787688640274,0.06398511090206815,-3.8047248523424226
57.791691999998875,0,0.26552814590202,0.22468074565591317,0.040847400246106835,0.28014868809378246
57.79184839996742,1,-0.2762938992112093,-0.17422855416179975,-0.10206534504940953,-0.5910681755610226
57.79186229995685,2,-0.5101332540990617,-0.48932983270656993,-0.020803421392491805,0.65458325593371
57.79186960001243,3,1.337401905073089,1.3794121768621486,-0.04201027178905958,-1.1497100052228144
57.79187759995693,4,-0.563426215618019,-0.25904664453696025,-0.30437957108105873,2.453267542785109
57.79188549995888,5,-0.10380695720287765,0.21423497343050812,-0.31804193063338576,-4.651930305279693
57.79189349996159,6,-2.542642297573761,-1.6523541864329871,-0.8902881111407739,-3.88881800437477
63.755628799961414,0,0.24614579711185175,0.2656208700283541,-0.019475072916502356,-0.0001400716591823013
63.75576099997852,1,-0.22856651538770334,-0.27658292264865214,0.0480164072609488,0.00035787730444001084
63.75577310001245,2,-0.4656408737519645,-0.5101292451886019,0.04448837143663742,8.567909732465958e-05
63.75578539998969,3,1.2994040605927022,1.3373246390922569,-0.03792057849955466,0.00016741706147237515
63.75579689996084,4,-0.3600938241796967,-0.5644522673379506,0.2043584431582539,0.0010992792632878875
63.755805999971926,5,0.02274633974712564,-0.10411147779278536,0.126857817539911,0.001104037479669224
63.7558145999792,6,-2.006460744919573,-2.5447355847521895,0.5382748398326167,0.003270116173558408
68.97197519999463,0,0.24171451143039882,0.2459424230788765,-0.004227911648477689,0.000992760914267137
68.97206469997764,1,-0.21838308873987844,-0.22821013040910373,0.009827041669225295,-0.0013964595523480595
68.97207479999634,2,-0.45685037001117457,-0.4656741239851212,0.008823753973946635,0.00011883986192879226
68.9720810999861,3,1.2905242502413996,1.2992434975684428,-0.008719247327043211,0.0009950278999821052
68.9720890999888,4,-0.3124098186601697,-0.3601206538038918,0.0477108351437221,-0.0007603549342868662
68.97209619998466,5,0.05254197198522849,0.02235013574758207,0.03019183623764642,0.004854723364531339
68.97210329998052,6,-1.9106566495777182,-2.004710407260679,0.09405375768296098,-0.0037332058320216945
72.75659820000874,0,0.23597668215447254,0.23652934969645867,-0.0005526675419861293,0.1656022646585335
72.75669059995562,1,-0.20937080156253757,-0.21017388300540618,0.0008030814428686139,-0.3585382553139458
72.75671779998811,2,-0.4582794579417258,-0.451277479353964,-0.0070019785877618035,-0.20156346876566866
72.75673339999048,3,1.2973264047964552,1.2842977051592224,0.013028699637232855,0.12970835748240425
72.75675000000047,4,-0.33431315335463807,-0.31064482521494896,-0.02366832813968911,-0.4287667494897363
72.75684029998956,5,0.09076137705640017,0.04558377426169266,0.045177602794707505,-0.8397792850317979
72.75685509998584,6,-1.8378022706773036,-1.8501139280675387,0.012311657390235098,-3.698009408514196
76.4013610999682,0,0.2878983639340651,0.2388991406500435,0.04899922328402159,0.1680912333270239
76.40140009997413,1,-0.3360989601614455,-0.20018305146454854,-0.135915908696897,-0.08188546416012057
76.40141170000425,2,-0.5345322465783072,-0.5103666215283755,-0.024165625049931694,0.6728452843378997
76.40142139996169,3,1.3344716391378104,1.407560010292746,-0.0730883711549355,-0.8827678034512687
76.40143039997201,4,-0.5801669377230346,-0.42070408502623047,-0.15946285269680416,4.530834885127514
76.40143979998538,5,-0.24148801049225094,0.3691143300216819,-0.6106023405139329,-5.134827807219451
76.40144859999418,6,-2.777809303227355,-1.8047014893184175,-0.9731078139089377,-1.8169517448722008
82.85933949996252,0,0.2470938303005391,0.28796686999964877,-0.04087303969910966,-0.0001792827743944718
82.8594419999863,1,-0.2292711949639737,-0.33642438011533127,0.10715318515135758,0.000514807036366169
82.85945589997573,2,-0.46575349520629794,-0.5345385693742594,0.06878507416796142,0.00010103350939129913
82.85946680000052,3,1.2990263255571133,1.334365385564129,-0.03533906000701581,0.0002795979580989963
82.85947819997091,4,-0.3597661217864807,-0.5810145895241331,0.2212484677376524,0.0006029573424386443
82.85948689997895,5,0.01666378215727023,-0.24245036761008,0.2591141497673502,0.0021944824490432915
82.85949559998699,6,-2.0176388916594274,-2.779848723402541,0.7622098317431134,0.00372539973796265
88.52909019996878,0,0.24192202649094283,0.24694530587377894,-0.0050232793828361155,0.00012083675497716366
88.52921529999003,1,-0.2184753188203879,-0.22896745325602066,0.010492134435632766,-0.00033756390804115944
88.52923669997836,2,-0.4569785735869947,-0.46568319090975646,0.008704617322761787,-0.0001875261777139021
88.52925139997387,3,1.290644172468617,1.2990015665680787,-0.008357394099461679,0.00012016364157337801
88.52926979999756,4,-0.3132786528841264,-0.3598011040574867,0.046522451173360346,-0.0006701031905654903
88.52928499999689,5,0.051212637258538085,0.016785221935219034,0.034427415323319055,-0.0008877950986847015
88.52930029999698,6,-1.9133467296122129,-2.015497883535596,0.10215115392338325,-0.0023010254330518105
92.4954119999893,0,0.2374330363684569,0.23770936316999924,-0.00027632680154235367,0.15521750905551096
92.49545310001122,1,-0.21137033033335792,-0.21286152936410715,0.001491199030749235,-0.3095228917782492
92.49547159997746,2,-0.4579382356628529,-0.4538628370693133,-0.004075398593539614,-0.1425074868497334
92.49548149999464,3,1.2957881630851469,1.2859482676894185,0.009839895395728382,0.08799341869973905
92.49549080000725,4,-0.32964479066023605,-0.31221291511252647,-0.017431875547709585,-0.19980375708351794
92.4954996999586,5,0.0810803343622853,0.03768675990211588,0.04339357446016942,-0.5795898617023746
92.49550889997045,6,-1.8568355625660382,-1.8814600773362902,0.02462451477025196,-3.159858799885883
96.59059219999472,0,0.2810054506234135,0.24154622394633277,0.03945922667708071,0.12478815958649996
96.59063619998051,1,-0.30409811710058365,-0.19862657302113462,-0.10547154407944903,-0.21038071364534972
96.59068480000133,2,-0.5014334311932623,-0.4822763240332064,-0.01915710716005592,0.5817874783419529
96.5907004000037,3,1.3067410757162032,1.3777768167062858,-0.07103574099008259,-0.8016473682652612
96.590710999968,4,-0.4406942691718838,-0.38298772278275967,-0.05770654638912415,3.534649748865786
96.59072089998517,5,-0.20056767670571432,0.3632123757151204,-0.5637800524208347,-5.036596460770628
96.59072999999626,6,-2.5160408787812143,-1.723289658648044,-0.7927512201331703,-3.018029379964662
103.31845469999826,0,0.24638698031135128,0.28104946138524195,-0.034662481073890666,-0.00022958830925522405
103.31850739999209,1,-0.22702592355148254,-0.3043800612521524,0.07735413770066984,0.000636653344687356
103.31852319999598,2,-0.4620378420600335,-0.5014691407711385,0.039431298711104956,0.00013411974980795025
103.31853960000444,3,1.2942847927174754,1.3065971812974027,-0.012312388579927225,0.0004175516111967791
103.31859029998304,4,-0.336939412451722,-0.4414602638048898,0.1045208513531678,0.0003862261763332861
103.31860469997628,5,0.02149167224260277,-0.20165303827835915,0.2231447105209619,0.003089581296844478
103.31861879996723,6,-1.9904014983692213,-2.518094058043418,0.5276925596741968,0.004907295909867446
109.01418509997893,0,0.24158857227467698,0.24605526967454291,-0.004466697399865938,0.0012793206805836008
109.01427549996879,1,-0.21771812724921788,-0.22643046524736457,0.00871233799814669,-0.0016159446982332375
109.0142935999902,2,-0.4563305065708776,-0.46212039348337586,0.0057898869124982655,0.0003166882786006014
109.0143090999918,3,1.2899632408459585,1.2940842919224955,-0.004121051076537041,0.0007422036015746184
109.01432590000331,4,-0.3096158381416903,-0.3371366624245375,0.02752082428284719,-0.0008478738874636017
109.0143385999836,5,0.0534670006172917,0.020769762241992493,0.032697238375299205,0.008164117723065576
109.0143517999677,6,-1.9065966772543528,-1.9888490946980069,0.08225241744365408,-0.002909258013097568
113.1690077999956,0,0.2366968682047717,0.23280021045853855,0.0038966577462331564,0.2173009960667768
113.16909119999036,1,-0.21086817375438843,-0.203694348136002,-0.00717382561838642,-0.4310065794403027
113.16910910001025,2,-0.45927081270816117,-0.4505150190484793,-0.008755793659681876,-0.21246841334762567
113.16912129998673,3,1.2982195574132749,1.2861543168800504,0.012065240533224442,0.0622942191364642
113.16913369996473,4,-0.3396221212379037,-0.3001112577284558,-0.03951086350944788,-0.5058532333858763
113.16914369998267,5,0.085862673355652,0.06111970983936683,0.024742963516285167,-1.4914442587731527
113.16915359999985,6,-1.8513431561501617,-1.7970356833998375,-0.054307472750324104,-4.331875159911468
117.37400979996892,0,0.3146291361318094,0.2772214237989286,0.03740771233288076,0.07179401745268202
117.37407859996893,1,-0.3782592489593736,-0.2410489716049393,-0.13721027735443428,0.6120786622020317
117.37409639998805,2,-0.5290427817318502,-0.4981915293657674,-0.03085125236608277,0.8687637888348329
117.37411189998966,3,1.2886106087373288,1.3626466876072143,-0.0740360788698855,-1.0144667764747728
117.37412529997528,4,-0.3880625771517914,-0.41379445285465916,0.02573187570286778,5.154687616695306
117.37413849995937,5,-0.40216759366291244,0.1894908147965473,-0.5916584084594597,-1.898004740554701
117.37415160000091,6,-2.680327159065837,-2.126296675410108,-0.5540304836557293,5.048670400667285
123.55446039995877,0,0.24628049075738914,0.31468697044564314,-0.068406479688254,0.00010533649361324564
123.55451019998873,1,-0.22690193143169693,-0.37871364870751445,0.15181171727581752,0.0006125956069806648
123.55453099997249,2,-0.4604259070820438,-0.5291009659549107,0.06867505887286696,-4.482950134771104e-05
123.554553999973,3,1.2918131135831095,1.2884328025069773,0.0033803110761321253,0.00025655163169284586
123.55456859996775,4,-0.32545067843913816,-0.38871115784803,0.06326047940889185,0.0023600676511276943
123.55457899998873,5,0.022183486086632835,-0.40376604731091303,0.4259495333975459,0.0070486890970989854
123.55458809999982,6,-1.9821074080363748,-2.6822397748269813,0.7001323667906065,-0.004071637904854341
130.328370800009,0,0.24140182483662506,0.24605185585014144,-0.004650031013516381,0.0007815145120640102
130.32844489999115,1,-0.21826773745647104,-0.22643398726227199,0.00816624980580094,-0.001689288213660084
130.3284589999821,2,-0.4563849258199465,-0.46032320742923616,0.003938281609289662,-0.00025349697025551956
130.32847010000842,3,1.2898943313250133,1.2918421769259998,-0.0019478456009864864,0.0002911797049624135
130.32848289998947,4,-0.30903994508322685,-0.3256380889407562,0.016598143857529335,0.00016304037840927355
130.32850489998236,5,0.05454114155674206,0.022384140770991302,0.032157000785750754,-0.002713005446271081
130.32851459999802,6,-1.9057150455854954,-1.980169247175882,0.07445420159038663,-0.005114596215548923
134.65728320000926,0,0.2365224056997575,0.22859614202918424,0.007926263670573253,0.26316213269872196
134.65734460001113,1,-0.21165451682097497,-0.19870967828507552,-0.01294483853589945,-0.46935670934853385
134.65735639998456,2,-0.45909721181889973,-0.45129808913978153,-0.007799122679118198,-0.20214237224096887
134.65736620000098,3,1.2977050890443056,1.2871538289986404,0.0105512600456652,0.01522250220400873
134.6573761999607,4,-0.33702564646634847,-0.29875449232507834,-0.038271154141270136,-0.4756603105353651
134.65738479996799,5,0.08680471038155226,0.07580594620891976,0.0109987641726325,-2.0185417677314095
134.65739339997526,6,-1.850383657721292,-1.759276037717352,-0.09110762000394002,-4.671424391655309
138.9128818999743,0,0.2593447200461154,0.2674090727687985,-0.008064352722683077,-0.3434239784702082
138.91292039997643,1,-0.2435436769221848,-0.23129705159527533,-0.012246625326909455,0.3419873355903067
138.9129364999826,2,-0.4392487126632475,-0.461620555481449,0.02237184281820148,0.18068099811238925
138.9129504999728,3,1.2426154299998893,1.3114959934848767,-0.06888056348498739,-0.19501798240814325
138.91296399995917,4,-0.1159187771406335,-0.33545879991944677,0.21954002277881327,0.4714576310858514
138.9129768999992,5,-0.06225707602055627,0.14576966924089288,-0.20802674526144915,0.7446265697730028
138.91298999998253,6,-2.0073587914170625,-1.9268358314464435,-0.08052295997061898,4.060258384868834
143.90930179995485,0,0.24774834485118263,0.2621292706088808,-0.01438092575769817,0.04842986103846178
143.9093389000045,1,-0.2276151604610711,-0.2418468847731083,0.014231724312037203,-0.12484451601694754
143.90934969997033,2,-0.45181716093395397,-0.43893560945678994,-0.012881551477164022,0.054274660179077464
143.909359399986,3,1.276961222633631,1.2450833874911162,0.031877835142514854,0.12331122416182357
143.90936859999783,4,-0.2593813806970142,-0.0789469672298831,-0.18043441346713113,0.4886081972367128
143.90937690000283,5,0.012824903577816196,-0.02991758434224022,0.042742487920056416,-0.1390674482084485
143.90938510000706,6,-1.961491477391644,-1.988495733128787,0.027004255737142824,-0.39794747520983303
148.8528765999945,0,0.24257865143135898,0.250022027947992,-0.007443376516633016,0.029692597889069892
148.85293980001006,1,-0.22067263538579696,-0.2315000516324668,0.010827416246669858,0.009195037063220205
148.85296190000372,2,-0.4525067072759914,-0.4533581733038641,0.0008514660278726716,0.01684694824356036
148.85298259998672,3,1.2823221075885012,1.2771311620393964,0.0051909455491048195,-0.022390026734593962
148.85299899999518,4,-0.27613730196367625,-0.25490612609218194,-0.021231175871494312,-0.05423151914537302
148.8530150000006,5,0.04664651230377138,0.025869323199481927,0.02077718910428945,0.42994741712827916
148.8530308000045,6,-1.9081194905674486,-1.959799984620114,0.05168049405266539,0.1107566071773046
153.41360400000121,0,0.22977741828338075,0.18103599771344173,0.04874142056993902,0.15198061738696744
153.41367839998566,1,-0.21170785180696167,-0.15022685227172108,-0.06148099953524058,-0.8986994901019586
153.4136898999568,2,-0.48860308925627527,-0.4442719364384551,-0.044331152817820185,-0.10119934010725021
153.41369909996865,3,1.3416774882656444,1.30812569522881,0.03355179303683431,-0.509949113840648
153.4137082999805,4,-0.5287262019763778,-0.349592610148197,-0.17913359182818078,2.306866409030745
153.41371719999006,5,0.12977783496713294,0.12115319599322114,0.008624638973911802,-2.60606460678734
153.41372710000724,6,-1.8473644682687704,-1.668445998145972,-0.17891847012279838,-5.155135517414367
158.71482369996374,0,0.18057521427837678,0.30050671992897166,-0.11993150565059488,-0.6927375151888993
158.71492309996393,1,0.08360181347925928,-0.2170297043209854,0.30063151780024466,0.05145640046307798
158.7149386999663,2,-0.38101153218321654,-0.4880897036244342,0.10707817144121767,0.11315667214921099
158.71495230001165,3,1.1929120498535777,1.3486776696372167,-0.155765619783639,0.012441466098622027
158.71496700000716,4,0.4323574472709304,-0.5256722567121455,0.9580297039830759,-0.33941694768509023
158.71497939998517,5,0.6184431589675673,0.24234613180190542,0.37609702716566185,0.43979449268835624
158.71499179996317,6,-1.308559537299739,-1.7699181124312653,0.46135857513152634,-0.005757065012712337
166.70836200000485,0,0.23819026873539986,0.18008920777290163,0.05810106096249823,0.00024806335755131405
166.70913069997914,1,-0.21260124011295092,0.08445309947121742,-0.2970543395841683,-0.0006478983805797028
166.70917029998964,2,-0.4536426933703074,-0.3809806401477536,-0.07266205322255376,-0.0002680365204224055
166.70918369997526,3,1.2882687777906494,1.1926975872649932,0.09557119052565621,0.0003131813650693548
166.70919620001223,4,-0.2963604518342458,0.4321292555687314,-0.7284897074029772,-0.0026620112755563995
166.70920599997044,5,0.07601522155237998,0.6179665764947093,-0.5419513549423294,-0.0010202692199527711
166.7092135999701,6,-1.8555749481528412,-1.306688866918203,-0.5488860812346381,-0.0011699862747393975
173.7655367999687,0,0.23963525462476076,0.2385272545505198,0.0011080000742409724,-0.0005050535328303492
173.76561110001057,1,-0.21526558665311557,-0.2136209949794585,-0.0016445916736570754,0.0014630326881319461
173.76563360000728,2,-0.4553054509404366,-0.453515011878177,-0.001790439062259619,8.05568855689731e-05
173.76565690001007,3,1.2896786800662423,1.2884944844319564,0.001184195634285956,-0.0006301342107218141
173.76567110000178,4,-0.3052103574293568,-0.29767084789283266,-0.007539509536524158,0.0013765040093036496
173.7656885999604,5,0.06631050701942057,0.07522956228275575,-0.008919055263335182,0.00019536763424117792
173.765702100005,6,-1.8795434726310347,-1.8569680544136618,-0.022575418217372967,0.0016390695903595858
177.86281249998137,0,0.24741366748676902,0.2607954075023032,-0.01338174001553416,-0.16963474313201637
177.86295099998824,1,-0.22750980810685825,-0.24640264818393048,0.01889284007707223,0.23637446208625176
177.8629735999857,2,-0.45767335261982944,-0.4864338543579443,0.02876050173811484,0.397718412094503
177.86299579998013,3,1.2868112511341756,1.3075652596540868,-0.02075400851991116,-0.37211091658290857
177.86301769997226,4,-0.3041731560259464,-0.41294155929029014,0.10876840326434373,2.6423598089231244
177.86303549999138,5,0.014947923900799085,-0.08447793942173198,0.09942586332253107,2.3043669236060644
177.8630506999907,6,-1.9820251763824954,-2.2890971368270985,0.30707196044460305,4.037581008824355
183.28113209997537,0,0.24176321064240167,0.24752763291477875,-0.005764422272377084,-0.008103377435300835
183.28120430000126,1,-0.2181729278143515,-0.22730394899517678,0.009131021180825288,0.004150318558929662
183.28122119995533,2,-0.4554767201518441,-0.45755892528075137,0.0020822051289072774,0.0023288300752954674
183.2812435000087,3,1.2883681658227235,1.2869064679801165,0.0014616978426069682,-0.0012685354982895738
183.28125900001032,4,-0.30257979553999326,-0.30322510684128506,0.0006453113012918066,-0.05083893298450891
183.28127519995905,5,0.05227336528763728,0.018295634624120136,0.03397773066351714,-0.07575488720496151
183.2812883000006,6,-1.9062595515826912,-1.97740515745136,0.0711456058686688,0.13724314198901513
188.18900249997387,0,0.23656883731785963,0.22295462647655484,0.013614210841304791,0.33857281295519126
188.1891110999859,1,-0.212686559725332,-0.19345930440642317,-0.019227255318908815,-0.5307751494444704
188.18913069996051,2,-0.4617636690467703,-0.4529228045600782,-0.00884086448669208,-0.15855969829857544
188.18914739997126,3,1.3015014736434247,1.2892892906124247,0.012212183031000023,-0.1258805210212252
188.18916399998125,4,-0.35456498420315413,-0.30433591598144993,-0.0502290682217042,-0.022365081197605188
188.18917849997524,5,0.0862928460682398,0.07167796474895999,0.014614881319279807,-2.460882729854483
188.18919889995595,6,-1.8602927719707067,-1.7642465251117962,-0.0960462468589105,-4.58764223007137
193.0437898999662,0,0.27639775731297367,0.29752254990344396,-0.021124792590470287,-0.2639208857499933
193.04385919997003,1,-0.25708390772351214,-0.23886215328774646,-0.01822175443576568,0.5243631161582805
193.0438712000032,2,-0.416565098111918,-0.4615941349702653,0.045029036858347304,0.15224138863695996
193.04388109996216,3,1.1643106365002438,1.3154245035840932,-0.15111386708384944,-0.1722878966794587
193.04392819997156,4,0.2549109364921489,-0.3610089051177831,0.6159198416099321,0.46177413218805874
193.04394189995946,5,-0.1705120993069295,0.14052643380295676,-0.3110385331098863,0.7413177117250747
193.0439508999698,6,-1.9647635357039945,-1.9045519396594273,-0.06021159604456727,3.698257444465219
199.6502526999684,0,0.24128622316880086,0.2760638182357224,-0.034777595066921546,0.0022733121631152006
199.65036079997662,1,-0.21755506055224877,-0.25684573903884356,0.03929067848659479,-0.0029000423242755142
199.65037960000336,2,-0.45278619013012517,-0.4167287900222984,-0.036057400107826765,0.0015754702575567605
199.65039419999812,3,1.284302408712773,1.1638528138184343,0.12044959489433871,0.003160848415791736
199.65040929999668,4,-0.2831459180681463,0.25343980192065546,-0.5365857199888018,0.011148748214560971
199.65042249998078,5,0.05541030802891773,-0.17261995216392803,0.22803026019284575,0.010597079905600134
199.65043549996335,6,-1.8920081933026247,-1.9653547623396348,0.07334656903701009,0.0006875003153983008
205.87929829995846,0,0.24021906400848975,0.2412904416286462,-0.0010713776201564662,0.0004485924009526341
205.87935840000864,1,-0.21700198505772292,-0.21753015564832415,0.0005281705906012291,5.441855018906323e-05
205.87937829998555,2,-0.45542496276770966,-0.45267531046196874,-0.002749652305740924,-8.682502981013451e-05
205.87939479999477,3,1.2890951723081188,1.284600716998744,0.004494455309374867,-0.001185989334117163
205.87940989999333,4,-0.30350822786519327,-0.283519303835334,-0.019988924029859245,-0.0009608572068389443
205.8794244999881,5,0.06227080855482077,0.05587157868171702,0.006399229873103748,0.006479535054225721
205.87943839997752,6,-1.8886301930800677,-1.8918638245197015,0.003233631439633733,0.0007066841287892357
210.11420499999076,0,0.23615800648556218,0.21771757594081279,0.018440430544749392,0.24675944476668338
210.11425759998383,1,-0.2165678383308388,-0.20329619977157987,-0.013271638559258947,0.055829639116036174
210.1142749999999,2,-0.4756113390022408,-0.5152555885313653,0.03964424952912454,0.4804313718002685
210.11428789998172,3,1.3209361691781776,1.3902760994542676,-0.06933993027608998,-0.5712437976533546
210.1143008999643,4,-0.4432541604354959,-0.7033617385168836,0.2601075780813876,5.417460316442438
210.11431440000888,5,0.08809928337908347,0.18562516765155565,-0.09752588427247218,-2.0907829937648947
210.1143282999983,6,-1.9102794787120025,-1.8381455476856061,-0.07213393102639643,-1.6356127998579157
215.5282016999554,0,0.24251267170765434,0.23569727088714199,0.006815400820512352,0.009330486944560644
215.5283691000077,1,-0.22254721718594572,-0.215070490857018,-0.007476726328927735,-0.028906377789524984
215.52838969998993,2,-0.45942767308092325,-0.47603394149084494,0.016606268409921687,-0.001959430713298468
215.52846760000102,3,1.2929125924398583,1.3216103003028747,-0.028697707863016397,-0.0081249164294506
215.52848310000263,4,-0.3247447293334785,-0.4238929670456452,0.09914823771216674,-0.14876249355958038
215.52849309996236,5,0.04671233782017418,0.07961698594578982,-0.032904648125615645,0.06740943070655159
215.52850009995745,6,-1.9342661545333253,-1.9103452779791337,-0.023920876554191617,-0.0005075095766838033
220.0311662000022,0,0.21792655186026957,0.24621889176674108,-0.02829233990647151,-0.14128805570516617
220.03119379997952,1,-0.18512576588571886,-0.23028554483039396,0.0451597789446751,0.28568177343569545
220.0312010999769,2,-0.4591743457630007,-0.44066412490142953,-0.01851022086157117,-0.44504778548172524
220.03120719996514,3,1.3085459613322494,1.2637771430747649,0.04476881825748458,0.7173428558663213
220.03121320001082,4,-0.35391907255213156,-0.3913963998121237,0.037477327259992144,-1.0427165672604266
220.0312186999945,5,0.2130356206550352,0.05828177858036446,0.15475384207467074,0.09829652617877979
220.03122399997665,6,-1.5645523533951438,-1.9357040710942068,0.3711517176990631,0.6107052682906084
225.51860199996736,0,0.2360987780874892,0.2178676144900641,0.018231163597425104,-0.008257617234258788
225.51881089998642,1,-0.20908790604769023,-0.1847006731665623,-0.02438723288112793,0.01133709253594907
225.51890089997323,2,-0.454988419051,-0.45913122788621236,0.0041428088352123416,-0.007449516626679235
225.51899239997147,3,1.2921517396652624,1.3091147548089688,-0.01696301514370635,-0.0075414487995202045
225.51909690001048,4,-0.3107291388287939,-0.34877763491958363,0.03804849609078975,0.032850876792063666
225.51920410001185,5,0.0900444815063555,0.21285474101106847,-0.12281025950471297,-0.09471221537091994
225.5192412000033,6,-1.8306428007265874,-1.5578881530654938,-0.2727546476610936,-0.009337362381700205
230.79504279996036,0,0.23966556130974717,0.23502166747652814,0.004643893833219032,0.008507003319661163
230.79514139995445,1,-0.21459164532670774,-0.20740173813233656,-0.007189907194371181,-0.023295314443764814
230.79515560000436,2,-0.4550228856063416,-0.4558558757969853,0.0008329901906437009,0.0003341731380334985
230.79516859998694,3,1.2894592242162553,1.291214008690821,-0.0017547844745657848,-0.004308022282207578
230.79517999995733,4,-0.304216704298295,-0.3085953354030686,0.0043786311047736,-0.07210793862640558
230.79519279999658,5,0.06625516567809131,0.08155874551211698,-0.015303579834025666,0.021616497362345007
230.79520709998906,6,-1.8778450858438303,-1.8289879117420715,-0.048857174101758716,-0.2908622614811865
234.96989239996765,0,0.24295281581157907,0.27597531670291225,-0.033022500891333184,-0.2150851871697149
234.9699963000021,1,-0.21821022385340863,-0.2668425695933494,0.04863234573994077,0.5782051229041252
234.9700407999917,2,-0.45181912996925166,-0.4496876870058937,-0.002131442963357988,0.002522189044212612
234.97005219996208,3,1.2820246813168776,1.2859182492084416,-0.0038935678915639205,0.2432406937249395
234.97006490000058,4,-0.27522993280458113,-0.3062267467843735,0.03099681397979237,-0.5046276361263653
234.97007459995802,5,0.04474781679759957,0.013435257567446804,0.03131255923015277,2.1688149808629813
234.97008469997672,6,-1.9059100416533348,-2.152477358666271,0.24656731701293633,5.1485659494303615
239.97871970001142,0,0.2413951471027031,0.24872476651217842,-0.007329619409475324,0.02920749256561186
239.97878820000915,1,-0.21653113016803066,-0.22691698290527426,0.0103858527372436,-0.00019665352880447132
239.9788017999963,2,-0.45346837070943985,-0.448695707706453,-0.004772663002986843,0.023734391294637017
239.9788123999606,3,1.2857884234202779,1.285981753906972,-0.000193330486694121,0.039846357423059885
239.978822199977,4,-0.2900970757027402,-0.27499580587185957,-0.015101269830880615,0.17329899020710363
239.97883199999342,5,0.05491991439134942,0.08173721194244905,-0.026817297551099635,0.3476856722945208
239.9788433999638,6,-1.8936205485554793,-1.9108399372261395,0.017219388670660196,0.49319802533773305
244.0598143999814,0,0.2291056738672885,0.09947465753397876,0.12963101633330976,-0.45544923070679644
244.05986779998057,1,-0.20212101440505054,-0.038346937376624375,-0.16377407702842617,-0.4274853822281075
244.05987930000992,2,-0.45812669443203435,-0.5384871940478678,0.08036049961583347,0.017970147662882314
244.0598886999651,3,1.3006752813479698,1.279179496143805,0.02149578520416484,-0.15792326631217177
244.05989759997465,4,-0.3381463452845174,-0.4931888741897105,0.1550425289051931,2.995561828667211
244.05990589997964,5,0.13627817362295294,-0.3210757140683247,0.4573538876912776,4.912459411498968
244.05991409998387,6,-1.743051989548603,-1.6159267256262502,-0.1271252639223528,-1.826874587359836
250.2237191000022,0,0.23775165920886002,0.23027896025053932,0.0074726989583207,0.05490295338351917
250.22378050000407,1,-0.21207093965115523,-0.20387695970523825,-0.008193979945916974,-0.07929365380749068
250.22379869996803,2,-0.4545120440747875,-0.4574828956151879,0.0029708515404003877,0.03715371266230373
250.22381469997345,3,1.289970659352373,1.3013088358527318,-0.011338176500358843,0.051774758818534855
250.2238538999809,4,-0.30346674938868234,-0.339500805973017,0.03603405658433467,0.05035849995098627
250.22386959998403,5,0.07890890958904892,0.1446649335036524,-0.06575602391460347,0.36930821483340603
250.22388770000543,6,-1.8523312902736269,-1.7434844314118088,-0.10884685886181811,0.10361601901541322
539.9620525999926,0,0.23848741162492174,0.24048575381366297,-0.001998342188741231,-0.11094423209330484
539.9620973999845,1,-0.21187900531628134,-0.21328755324387266,0.0014085479275913193,0.23207166594367648
539.9621087999549,2,-0.4521229888627289,-0.4530594258881996,0.0009364370254706933,-0.0025894765975899223
539.9621188999736,3,1.2859731388714906,1.2869708389588266,-0.0009977000873360176,0.1338615987807638
539.9621276999824,4,-0.28623526648702297,-0.3054880234749588,0.019252756987935826,0.048849294747049375
539.9621357999858,5,0.07428028740456359,0.08251955844239264,-0.008239271037829052,0.7071011335834851
539.9621439999901,6,-1.8533470677706596,-1.8629184762399413,0.009571408469281728,2.4891967078292176
544.6295589999645,0,0.23700654458228013,0.18543100136012056,0.05157554322215957,-0.11484576628772665
544.6296390999923,1,-0.21444514114307142,-0.18092551403406865,-0.033519627109002775,-0.27304692039438727
544.6296617999906,2,-0.5096720133834757,-0.4349884734607367,-0.07468353992273896,-0.3399986555724702
544.6296767999884,3,1.3662366175696914,1.272218138728325,0.09401847884136649,0.5557086549220346
544.6296927999938,4,-0.6548398611863042,0.10522353992071937,-0.7600634011070235,-5.071273226291599
544.6297061999794,5,0.08314723441844592,-0.10595576207327118,0.18910299649171708,1.3680987943011396
544.6297184999567,6,-2.166037649459068,-1.6492933606977873,-0.5167442887612808,-2.252947366574264
